AffymetrixID,AGI,L1P(-)normalized,L1P(-)rawvalue,L1P(-)flags,L2P(+)normalized,L2P(+)rawvalue,L2P(+)flags,L3P(-)normalized,L3P(-)rawvalue,L3P(-)flags,L4P(+)normalized,L4P(+)rawvalue,L4P(+)flagsvalue,L5P(-)normalized,L5P(-)rawvalue,L5P(-)flags,L6P(+)normalized,L6P(+)rawvalue,L6P(+)flags,meanRatioP(-)/P(+)
259221_s_at,At3g03540,3.773,1250.400,P,0.01,2.1,A,1.969,348.4,P,0.01,1.9,A,4.667,2346.3,P,0.031,17.6,A,241.582795698925
245627_at,At1g56600,3.27,381.3,P,0.023,2.1,A,1.973,122.8,P,0.027,2.1,A,5.195,918.9,P,0.012,2.5,A,216.05488459474
260097_at,At1g73220,3.134,546.6,P,0.045,6,A,1.955,182.1,P,0.017,1.9,A,4.389,1161.400,P,0.01,1.9,A,207.848148148148
266132_at,At2g45130,2.241,1370.6,P,0.01,2.5,A,1.984,647.7,P,0.016,6.6,A,2.64,2449.300,P,0.016,16.9,A,171.033333333333
250561_at,At5g08030,2.194,467.5,P,0.049,8.1,A,1.951,221.9,P,0.01,0.9,A,2.285,738.6,P,0.01,2.2,A,156.125170068027
261341_s_at,At1g52940,3.207,974.5,P,0.025,5.9,A,1.957,317.5,P,0.01,1.9,A,4.969,2290.4,P,0.043,22.4,A,146.512713178295
251012_at,At5g02580,2.949,90.5,P,0.038,0.9,A,1.886,30.9,P,0.114,2.3,A,8.012,372.9,P,0.028,1.5,A,126.763993316625
256014_at,At1g19200,1.988,925.7,P,0.01,1.9,A,1.928,479.4,P,0.072,22,A,2.009,1419.2,P,0.029,22.9,A,98.2845466155811
267049_at,At2g34210,1.901,71.6,P,0.017,0.5,A,1.815,36.5,P,0.185,4.6,A,3.298,188.5,P,0.02,1.3,A,95.5114467408585
252636_at,At3g44520,4.221,104.9,P,0.078,1.5,A,1.922,25.5,P,0.031,0.5,A,4.353,164.1,P,0.035,1.5,A,80.162271062271
262369_at,At1g73010,1.91,3669.800,P,0.011,15.7,P,2.349,2409.800,P,0.09,114.4,P,2.08,6064.5,P,0.057,190.1,P,78.7425305688464
251315_at,At3g61410,3.056,209.2,P,0.044,2.3,A,1.956,71.5,P,0.033,1.5,A,3.31,343.7,P,0.031,3.7,A,78.5004887585533
252730_at,At3g43110,2.451,512,P,0.049,7.9,A,1.951,217.6,P,0.034,4.7,A,2.262,716.9,P,0.022,8.1,A,70.0736476408745
246001_at,At5g20790,2.186,829.4,P,0.026,7.7,A,2.088,422.8,P,0.024,5.9,A,1.934,1113,P,0.066,43.1,P,66.7933177933178
263391_at,At2g11810,2.035,1377.1,P,0.021,11.1,A,1.933,698.2,P,0.059,26.5,P,2.5,2565.5,P,0.067,78.3,P,55.6603022016632
258887_at,At3g05630,1.938,420.8,P,0.016,2.6,A,1.899,220.1,P,0.101,14.5,A,2.137,703.8,P,0.095,35.7,A,54.1405723467084
253087_at,At4g36350,4.211,393.4,P,0.036,2.6,A,1.78,88.8,P,0.164,10.1,A,3.775,535,P,0.22,35.4,A,48.3283238892995
250091_at,At5g17340,3.257,664.8,P,0.1,15.7,A,1.9,207.1,P,0.053,7.1,A,5.082,1573.6,P,0.068,23.8,A,47.7181169071402
264400_at,At1g61800,2.972,1997.800,P,0.044,22.9,A,1.877,673.7,P,0.123,54.3,P,4.122,4203.100,P,0.073,85,P,46.4237901905794
259399_at,At1g17710,1.947,2981.7,P,0.037,43.3,P,2.337,1911.300,P,0.053,53.6,P,2.068,4805,P,0.053,139.6,P,45.2449430562638
266070_at,At2g18660,3.205,1816.5,P,0.081,35.5,P,1.919,580.6,P,0.058,21.7,P,4.062,3492.5,P,0.067,65.7,P,44.4269912675871
266766_at,At2g46880,2.771,1044.7,P,0.059,17.1,P,1.937,389.9,P,0.063,15.7,M,2.99,1710,P,0.058,38,P,43.0879525262927
264729_at,At1g22990,2.577,233.2,P,0.348,24.3,A,1.652,79.8,P,0.23,13.7,A,4.029,553,P,0.037,5.7,A,41.1598910004457
261814_at,At1g08310,2.101,1221.900,P,0.054,24,A,1.939,602.3,P,0.061,23.2,P,2.367,2088.800,P,0.045,44.8,P,41.098097551103
266743_at,At2g02990,3.046,618.1,P,0.069,10.8,A,1.861,201.6,P,0.139,18.6,A,6.946,2138,P,0.122,42.8,A,38.1559476581244
256083_at,At1g20730,1.914,63.4,P,0.059,1.5,A,2.166,38.3,P,0.041,0.9,A,2.124,106.7,P,0.086,4.9,A,36.6558735591298
258741_at,At3g05790,1.488,16.8,P,0.126,1.1,A,1.924,11.6,P,0.04,0.3,A,2.405,41.2,P,0.051,1,A,35.6887955182073
266184_s_at,At2g38940,2.279,2089.800,P,0.041,28.9,P,1.863,912.4,P,0.078,47,P,3.083,4290,P,0.137,216.3,P,33.9912102911035
266564_at,At2g24000,2.295,53.9,P,0.271,4.9,A,2.569,32.2,P,0.032,0.5,A,1.729,61.6,P,0.131,5.3,A,33.9827859895965
254111_at,At4g24890,1.908,706.4,P,0.061,17.3,A,2.025,400.3,P,0.092,22.5,P,2.455,1378.7,P,0.062,39.9,M,30.9621107611186
245275_at,At4g15210,2.143,923.9,P,0.054,18.1,A,1.856,427.3,P,0.102,28.9,P,4.987,3262,P,0.144,107.1,P,30.8377360203341
260201_at,At1g67600,1.954,279.1,P,0.034,3.7,A,1.853,141.3,P,0.147,13.8,A,1.989,430.8,P,0.146,35.9,A,27.8997726944659
252006_at,At3g52820,2.407,221,P,0.049,3.5,A,1.779,87.2,P,0.116,7,A,4.121,574,P,0.221,35,A,27.701904899891
260140_at,At1g66390,2.094,452.8,P,0.054,9,A,1.857,214.4,P,0.083,11.8,A,2.973,975,P,0.143,53.2,A,27.3138271812971
267646_at,At2g32830,3.953,343.4,P,0.215,14.4,A,1.785,82.8,P,0.147,8.4,A,7.558,996.1,P,0.16,23.9,A,25.922134551495
246075_at,At5g20410,1.9,604.9,P,0.07,17.1,M,2.029,344.8,P,0.1,20.9,P,2.313,1116.900,P,0.086,47.3,P,24.7760686600221
264783_at,At1g08650,2.869,594.8,P,0.1,16,A,1.899,210.2,P,0.083,11.3,P,2.21,695.1,P,0.101,36.1,A,24.483568730367
247314_at,At5g64000,2.467,426.2,P,0.129,17.2,P,1.868,172.3,P,0.06,6.8,A,3.048,798.8,P,0.132,39.3,P,24.4494244773315
266757_at,At2g46940,2.742,101,P,0.106,3,A,1.871,36.8,P,0.087,2.1,A,2.487,139,P,0.129,8.2,A,22.2175804740602
259371_at,At1g69080,2.397,297.8,P,0.218,20.9,A,1.782,118.2,P,0.071,5.8,A,2.974,560.5,P,0.098,21.1,A,22.1469810562809
264893_at,At1g23140,2.441,567.3,P,0.089,16,A,1.88,233.3,P,0.116,17.8,A,2.411,850,P,0.12,48.1,A,21.2418431701752
250983_at,At5g02780,2.971,135.2,P,0.259,9.1,A,1.613,39.2,P,0.387,11.6,A,4.765,329,P,0.115,9,A,19.0245945786896
267056_at,At2g32470,3.241,36.6,P,0.218,1.9,A,1.559,9.4,P,0.054,0.4,A,3.853,66,P,0.313,6.1,A,18.6824156669297
254543_at,At4g19810,2.992,1220.400,P,0.149,46.9,P,1.761,383.5,P,0.239,64.3,P,3.9,2413.300,P,0.143,100.8,P,18.2404883407663
246071_at,At5g20150,1.799,1341.400,P,0.071,40.9,P,2.09,832.3,P,0.201,99,P,3.001,3395.7,P,0.173,222,P,17.6942863095038
256100_at,At1g13750,2.194,863.3,P,0.1,30.5,P,1.844,387.4,P,0.156,40.5,P,2.294,1369.6,P,0.128,87.2,P,17.2274626068376
252334_at,At3g48850,2.515,244,P,0.119,8.9,A,1.678,86.9,P,0.322,20.6,A,4.886,719.1,P,0.194,32.5,A,17.1770669720152
247531_at,At5g61550,1.618,21.6,P,0.117,1.2,A,2.329,16.6,M,0.08,0.7,A,3.175,64.3,P,0.382,8.8,A,17.0843593845557
255958_at,At1g22150,1.821,144.8,P,0.08,4.9,A,1.917,81.4,P,0.179,9.4,A,2.298,277.3,P,0.135,18.5,A,16.8314064763087
254729_at,At4g13700,3.864,106.5,P,0.485,10.3,A,1.515,22.3,P,0.242,4.4,A,4.296,179.6,P,0.122,5.8,A,16.4801518806297
256243_at,At3g12500,3.27,824.8,P,0.289,56.2,P,1.711,230.4,P,0.151,25.1,P,4.99,1909.300,P,0.192,83.7,P,16.2118626846272
267497_at,At2g30540,1.901,803.5,P,0.145,47.4,P,1.855,418.5,P,0.116,32.3,P,2.191,1404.900,P,0.116,84.6,P,15.9965517241379
259974_at,At1g76430,2.07,53.5,P,0.105,2.1,A,1.711,23.6,P,0.1,1.7,A,2.786,109.2,P,0.289,12.9,A,15.4881413741967
267567_at,At2g30770,2.588,118.8,P,0.384,13.6,A,1.616,39.6,P,0.288,8.7,A,4.004,278.8,P,0.125,9.9,A,14.7942314814815
247536_at,At5g61650,2.326,54.6,P,0.508,9.2,A,1.492,18.7,P,0.381,5.9,A,4.333,154.3,P,0.123,5,A,14.5741309775302
251143_at,At5g01220,2.053,2474.4,P,0.111,103,P,1.82,1171.2,P,0.18,142.9,P,2.353,4301.700,P,0.156,325.2,P,14.5633133133133
258856_at,At3g02040,1.807,2881.800,P,0.087,107.1,P,2.091,1780.400,P,0.193,203.1,P,1.952,4722.100,P,0.18,494.8,P,14.149585426055
247026_at,At5g67080,2.841,137.5,P,0.209,7.8,A,1.505,38.9,P,0.069,2.2,A,2.969,218,P,0.495,41.3,P,13.8009584787617
248467_at,At5g50800,3.084,269.2,P,0.229,15.4,A,1.487,69.3,P,0.513,29.5,P,7.87,1042.1,P,0.319,48,A,13.678910260288
252635_at,At3g44510,2.29,162,P,0.332,18.1,A,1.668,63,P,0.082,3.8,A,3.065,328.9,P,0.228,27.8,A,13.5606787440734
262644_at,At1g62710,2.639,233.3,P,0.192,13.1,P,1.693,79.9,P,0.215,12.5,P,5.792,776.7,P,0.307,46.8,P,13.4952199275728
245082_at,At2g23270,1.912,61.9,P,0.176,4.4,A,1.776,30.7,P,0.094,2,A,2.099,103.1,P,0.224,12.5,A,13.0425963663996
245371_at,At4g15750,2.303,377.9,P,0.171,21.6,A,1.814,158.9,P,0.168,18.2,P,2.727,678.9,P,0.186,52.7,A,12.9755818758365
251725_at,At3g56260,2.024,49.8,P,0.179,3.4,A,1.796,23.6,P,0.204,3.3,A,3.333,124.4,P,0.193,8.2,A,12.4602047300911
266267_at,At2g29460,3.367,348.5,P,0.39,31.1,P,1.61,89,P,0.185,12.6,P,3.708,582.2,P,0.185,33,P,12.4597597597598
260005_at,At1g67920,1.812,271.8,P,0.115,13.3,P,1.954,156.5,P,0.177,17.5,A,1.975,449.4,P,0.188,48.6,M,12.4337963035552
266765_at,At2g46860,1.884,29.2,P,0.167,2,A,2.357,19.5,P,0.157,1.6,A,1.82,42.8,P,0.18,4.8,A,12.1350956967876
250515_at,At5g09570,1.917,648.8,P,0.164,42.9,P,1.813,327.5,P,0.187,41.8,P,2.114,1085.400,P,0.153,89.5,P,11.7337350066905
260549_at,At2g43535,1.799,2928,P,0.142,178.3,P,2.103,1827,P,0.201,215,P,1.944,4798.5,P,0.173,485.6,P,11.4562316237748
245624_at,At4g14090,1.86,408.8,P,0.084,14.2,A,1.825,214.2,P,0.456,66,P,1.544,515,P,0.201,76.2,P,11.2755473883714
258570_at,At3g04530,2.954,308.9,P,0.288,23.2,P,1.712,95.6,P,0.212,14.6,P,3.223,511.3,P,0.237,42.8,P,10.6438574202337
254743_at,At4g13420,2.959,386.7,P,0.486,49,P,1.514,105.6,P,0.374,32.2,P,5.767,1143.1,P,0.267,60.2,P,10.5786188816102
253608_at,At4g30290,1.741,525.5,P,0.14,32.6,M,1.724,277.9,P,0.276,54.9,P,1.9,870.2,P,0.146,75.8,P,10.5652632424818
259334_at,At3g03790,1.946,590.6,P,0.175,40.9,A,1.746,282.9,P,0.254,50.8,A,3.185,1466.2,P,0.233,122,A,10.5545145483424
260405_at,At1g69930,2.266,166.3,P,0.173,9.8,A,1.539,60.3,P,0.292,14.1,A,6.078,676.8,P,0.461,58.4,P,10.5177318733004
266292_at,At2g29350,3.844,246,P,0.466,23,A,1.507,51.5,P,0.311,13.1,A,8.717,846.3,P,0.493,54.4,P,10.258709261588
251741_at,At3g56040,1.852,1466.900,P,0.22,134.7,P,2.094,885.4,P,0.164,85.5,P,1.78,2138.300,P,0.187,254.9,P,10.2350636928829
250083_at,At5g17220,1.881,746.3,P,0.103,31.5,P,1.637,346.6,P,0.363,95,P,1.798,1081.800,P,0.235,160.5,P,10.1409472084652
258682_at,At3g08720,2.205,543.1,P,0.14,26.6,P,1.613,212.1,P,0.387,62.8,P,2.776,1037.300,P,0.271,115.2,P,10.0538336972517
260040_at,At1g68765,2.786,53.8,P,0.41,6.1,A,1.59,16.4,P,0.126,1.6,A,3.475,101.8,P,0.339,11.3,A,9.88830234446466
261090_at,At1g07560,2.219,159.8,P,0.209,11.6,A,1.42,54.6,P,0.58,27.5,P,3.368,367.9,P,0.206,25.6,A,9.80500510185285
267425_at,At2g34810,3.509,335.2,P,0.338,24.9,P,1.549,79,P,0.446,28.1,P,6.947,1006.700,P,0.451,74.3,P,9.75276621565922
255900_at,At1g17830,1.749,286.2,P,0.162,20.5,A,1.774,155,P,0.253,27.3,A,1.747,433.6,P,0.159,44.9,A,9.59852512915133
247831_at,At5g58540,2.521,36.3,P,0.153,1.7,A,1.431,11,P,0.569,5.4,A,2.422,52.9,P,0.266,6.6,A,9.36577527649257
265091_s_at,At1g03495,1.809,361.8,P,0.117,18.1,A,1.616,172.5,P,0.384,50.6,A,1.75,530.7,P,0.213,73.4,A,9.29527807872878
245628_at,At1g56650,2.094,221.3,P,0.124,10.1,A,1.662,93.8,P,0.294,20.5,A,1.804,289.2,P,0.338,61.6,M,9.29247870173074
259953_at,At1g74810,1.709,225.8,P,0.249,25.4,P,1.794,126.5,P,0.246,21.4,P,3.988,799.1,P,0.291,66.2,P,9.28686803201407
265221_s_at,At2g02010,1.566,116.6,P,0.209,12,A,1.756,69.8,P,0.434,21.3,P,2.257,254.9,P,0.14,18,P,9.22011149574817
258277_at,At3g26830,2.909,270.5,P,0.439,31.5,M,1.561,77.5,P,0.421,25.8,M,5.6,790.1,P,0.33,53,P,9.10131971323732
258321_at,At3g22840,1.946,1130.2,P,0.159,71,P,1.501,465.2,P,0.499,191.1,P,3.318,2922.9,P,0.282,282.1,P,9.00432239652149
264923_s_at,At1g60740,2.288,298.5,P,0.356,35.8,P,1.644,114.5,P,0.158,13.6,P,2.879,569.7,P,0.283,63.7,P,9.00172481986639
264261_at,At1g09240,2.068,789.5,P,0.222,65.3,P,1.776,361.9,P,0.196,49.4,P,1.801,1042.900,P,0.224,147.8,P,8.80557279217994
246551_at,At5g15070,1.624,101.1,P,0.119,5.7,A,1.794,59.6,P,0.376,15.4,A,2.288,216,P,0.29,31.1,A,8.7693301972293
259442_at,At1g02310,1.716,96.4,P,0.229,9.9,A,1.697,50.9,P,0.176,6.5,A,2.635,224.5,P,0.303,29.3,A,8.61062162438951
245882_at,At5g09470,1.63,142.4,P,0.156,10.5,A,1.9,88.6,P,0.37,21.3,A,2.765,366.4,P,0.275,41.5,A,8.54613284613285
261803_at,At1g30500,3.314,251.2,P,0.306,17.9,A,1.601,64.8,P,0.326,16.3,P,3.856,443.3,P,0.399,52.1,P,8.46842290175497
261020_at,At1g26390,3.21,59.3,P,0.54,7.7,P,1.45,14.3,P,0.55,6.7,A,6.258,175.4,P,0.377,12,A,8.3934258589431
258158_at,At3g17790,1.746,2615.600,P,0.135,155.8,P,1.655,1323.300,P,0.345,341,P,2.174,4940.9,P,0.301,777.6,P,8.31767538157831
254097_at,At4g25160,1.685,57.9,P,0.207,5.5,A,1.787,32.8,P,0.177,4,A,1.964,102.4,P,0.315,18.7,A,8.15702081700608
265561_s_at,At2g05510,4.618,144.4,P,0.419,10.1,A,1.863,31.1,P,0.252,5.2,A,1.581,75,P,0.265,14.3,A,8.12679153077001
251961_at,At3g53620,1.898,1219.2,P,0.244,120.8,P,1.756,602.3,P,0.235,99.3,P,1.984,1933.400,P,0.222,246.1,P,8.06265529568634
258167_at,At3g21560,1.797,1465.800,P,0.17,107,P,1.656,721.3,P,0.344,184.6,P,2.456,3038.4,P,0.282,397.3,P,8.03125386060741
266109_at,At2g37890,1.591,113.8,P,0.121,6.7,A,1.66,63.4,P,0.282,13.3,A,1.884,204.5,P,0.409,50.5,P,7.88054737382957
252888_at,At3g04530,2.165,301.7,P,0.235,25.3,M,1.497,111.4,P,0.503,46.2,P,3.667,775.4,P,0.327,78.5,P,7.80099212562912
255360_at,At4g03960,2.064,960.8,P,0.227,81.6,A,1.695,421.3,P,0.305,93.5,P,2.538,1791.900,P,0.301,241.3,P,7.69392725003461
253519_at,At4g31240,2.995,545.3,P,0.338,47.4,P,1.662,161.6,P,0.328,39.3,P,2.45,676.7,P,0.272,85.3,P,7.64512428582344
248770_at,At5g47740,1.57,31,P,0.177,2.7,A,3.281,34.6,P,0.43,5.6,A,1.896,56.8,P,0.326,11.1,A,7.43874665852003
263847_at,At2g36970,1.916,549.9,P,0.226,50,P,1.668,255.6,P,0.332,62.7,P,2.409,1048.7,P,0.282,139.6,P,7.34817522774207
254215_at,At4g23700,2.379,251,P,0.473,38.5,P,1.527,86,P,0.268,18.6,A,2.867,458.8,P,0.272,49.4,M,7.08926689305617
262930_at,At1g65690,2.252,130.5,P,0.468,20.9,P,1.532,47.4,P,0.39,14.9,P,4.334,380.9,P,0.35,35,P,7.04100936100936
249134_at,At5g43150,1.999,1040.300,P,0.337,135.3,P,1.663,461.9,P,0.263,90.3,P,2.79,2201.9,P,0.318,284.9,P,7.00950985461665
259057_at,At3g03310,2.3,351.9,P,0.336,39.6,P,1.643,134.2,P,0.357,36,P,3.072,713,P,0.321,84.7,P,7.00585748318019
259750_at,At1g71130,2.214,726.2,P,0.437,110.5,P,1.563,273.7,P,0.178,38.4,P,2.051,1020.6,P,0.287,162.1,P,6.99786729862773
256933_at,At3g22600,2.361,528.8,P,0.62,107.1,P,1.38,165,P,0.4,59.1,P,5.007,1701.1,P,0.366,141.3,P,6.97946412832716
262518_at,At1g17170,2.202,785.1,P,0.345,94.8,P,1.655,315.1,P,0.333,78.3,P,3.007,1626.300,P,0.324,199.4,P,6.87781428771767
266413_at,At2g38740,2.07,1144.2,P,0.263,112.3,P,1.771,522.6,P,0.368,134.2,P,1.632,1368.1,P,0.209,199.3,P,6.83061162455049
250798_at,At5g05340,4.255,89.5,P,0.518,8.4,A,1.371,15.4,P,0.296,4.1,A,4.711,150.3,P,0.629,22.8,A,6.77856953592248
260254_at,At1g74210,1.981,1034.800,P,0.24,96.7,P,1.677,467.5,P,0.303,104.1,P,2.04,1616.300,P,0.323,291.3,P,6.70153653523247
259365_at,At1g13300,1.731,115.2,P,0.388,19.9,P,1.481,52.6,P,0.144,6.3,A,2.621,264.6,P,0.519,59.6,P,6.59871958917382
263201_at,At1g05610,1.957,38.8,P,0.432,6.6,A,1.568,16.6,P,0.191,2.5,A,2.175,65.4,P,0.331,11.3,A,6.4368378850714
254890_at,At4g11600,1.694,2285.300,P,0.241,250.5,P,1.589,1144.2,P,0.411,365.6,P,2.121,4340.9,P,0.259,603.3,P,6.36147162700151
257373_at,At2g43140,2.537,80.2,P,0.418,10.2,A,1.582,26.7,P,0.326,6.8,A,2.164,103.8,P,0.27,14.7,A,6.31231784714725
251625_at,At3g57260,2.67,710.7,P,0.359,73.6,P,1.641,233.3,P,0.331,58.1,P,2.026,818,P,0.312,143.1,P,6.29620652545822
245393_at,At4g16260,3.064,413.4,P,0.71,73.9,P,1.29,92.9,P,0.368,32.7,P,2.757,564.3,P,0.25,58.2,P,6.28297591345173
252205_at,At3g50350,1.898,155,P,0.287,18.1,A,1.601,69.8,P,0.399,21.5,A,2.303,285.4,P,0.286,40.3,P,6.22607309962894
263083_at,At2g27190,1.793,1618.5,P,0.228,158.6,P,1.648,794.2,P,0.331,196.8,P,2.009,2751.300,P,0.352,547.7,P,6.18342447170063
260932_s_at,At1g02530,1.675,34.2,P,0.19,3,A,1.568,17.1,P,0.282,3.8,A,1.766,54.7,P,0.432,15.2,A,6.15467870819681
247983_at,At5g56630,2.387,1190.300,P,0.335,129,P,1.578,420,P,0.422,138.7,P,3.042,2300.5,P,0.403,346.1,P,6.13769890799785
262855_at,At1g20860,2.028,101.2,P,0.32,12.3,A,1.513,40.3,P,0.356,11.7,A,3.808,288.2,P,0.487,41.9,A,6.13560061601643
254892_at,At4g11800,2.022,486.7,P,0.343,63.6,P,1.578,202.8,P,0.344,54.5,P,3.334,1217,P,0.422,175,P,6.12757565591777
262366_at,At1g72890,2.377,185.9,P,0.347,20.9,P,1.59,66.4,P,0.41,21.1,P,2.596,307.9,P,0.344,46.4,P,6.09156816687127
260551_at,At2g43510,2.065,1054.5,P,0.3,118.2,P,1.437,391.9,P,0.333,112.2,P,3.942,3054.5,P,0.563,495.8,P,6.06680828252764
249215_at,At5g42800,2.099,1061.1,P,0.253,98.8,P,1.63,439.9,P,0.537,178.7,P,1.463,1122,P,0.228,198.3,P,5.91616370162642
255587_at,At4g01480,1.914,1084.7,P,0.286,125.2,P,1.595,482.8,P,0.342,127.8,P,2.552,2194.2,P,0.405,395.6,P,5.88576165008913
252977_at,At4g38560,1.58,37.7,P,0.293,5.4,A,1.672,21.3,P,0.42,6.6,A,2.097,75.9,P,0.26,10.7,A,5.8129428213046
245193_at,At1g67810,2.087,383.3,P,0.434,61.5,P,1.474,144.5,P,0.191,23.1,A,2.579,718.3,P,0.526,166.6,P,5.80969169079157
264617_at,At2g17660,1.484,27.7,P,0.153,2.2,A,1.887,18.8,P,0.504,6.2,A,1.932,54.7,P,0.516,16.6,P,5.72919335692934
264907_at,At2g17280,2.113,556.1,P,0.332,67.4,P,1.576,221.4,P,0.375,65,P,2.782,1110.800,P,0.424,192.6,P,5.70948175090298
258613_at,At3g02870,1.621,661.9,P,0.259,81.5,P,1.852,403.8,P,0.354,95.3,P,2.128,1318.300,P,0.379,267.2,P,5.70170046745334
253382_at,At4g33040,1.887,308.6,P,0.261,32.9,P,1.459,127.4,P,0.363,39.1,P,3.078,763.9,P,0.541,152.7,P,5.64621091988848
263406_at,At2g04160,1.716,1191.7,P,0.251,134.5,P,1.588,589,P,0.412,188.4,P,2.14,2254.300,P,0.344,412.3,P,5.63731751701705
251503_at,At3g59140,1.642,341.2,P,0.321,51.4,A,1.494,165.7,P,0.506,69.3,P,2.898,913.5,P,0.328,117.4,P,5.6343999403756
253296_at,At4g33770,1.67,185.7,P,0.217,18.6,A,1.743,103.5,P,0.386,28.3,P,1.614,272.2,P,0.356,68.3,M,5.58170148039384
262229_at,At1g68620,2.293,250.2,P,0.472,39.7,P,1.433,83.5,P,0.377,27.1,P,4.503,745.4,P,0.567,106.7,P,5.53363693240471
256677_at,At3g52190,1.9,970,P,0.277,109.2,P,1.629,444,P,0.382,128.5,P,1.618,1252.7,P,0.302,265.6,P,5.49373985865739
251245_at,At3g62090,1.398,37.1,P,0.484,9.9,A,1.377,19.5,M,0.623,10.9,A,2.06,82.9,P,0.184,8.4,A,5.43145159972446
253344_at,At4g33550,1.589,99.6,P,0.337,16.3,P,1.67,55.9,P,0.411,17,P,2.904,276.2,P,0.39,42.2,P,5.40818257264791
251026_at,At5g02200,1.505,195.7,P,0.174,17.4,P,1.441,100,P,0.559,47.9,P,1.799,354.8,P,0.38,85.2,P,5.32048444832601
260130_s_at,At1g66280,2.777,372,P,0.74,76.4,P,1.369,97.9,P,0.306,27,P,1.26,256.1,P,0.163,37.6,P,5.31887342051543
266832_at,At2g30040,1.548,332.9,P,0.231,38.3,P,1.626,186.7,P,0.372,52.7,P,2.139,697.9,P,0.452,167.6,P,5.26818910939665
264186_at,At1g54570,2.513,312,P,0.356,34.1,P,1.407,93.3,P,0.543,44.4,P,3.627,683.1,P,0.593,126.9,P,5.25550216308509
259553_x_at,At1g21310,2.099,555.1,P,0.532,108.4,A,1.357,191.6,P,0.269,46.9,P,4.224,1694.6,P,0.643,293.2,P,5.18643507671861
246098_at,At5g20400,1.596,525.8,P,0.404,102.7,P,1.645,289.3,P,0.251,54.4,P,1.661,830.1,P,0.329,187,P,5.18430404296924
258925_at,At3g10420,1.676,1536.5,P,0.353,249.8,P,2.169,1061.5,P,0.482,290.9,P,1.518,2111.5,P,0.241,381.4,P,5.18221018027655
262933_at,At1g65840,1.687,421,P,0.244,47,P,1.509,201.1,P,0.491,80.7,P,2.532,958.6,P,0.46,198,P,5.16386733597243
250723_at,At5g06300,2.191,244.7,P,0.327,28.2,P,1.511,90.1,P,0.489,36,P,2.316,392.4,P,0.418,80.6,P,5.11031840565304
255677_at,At4g00500,1.859,281.1,P,0.405,47.2,A,1.54,124.3,P,0.398,39.7,P,3.153,723.1,P,0.46,120,P,5.10460600551514
262050_at,At1g80130,1.992,376.7,P,0.406,59.2,P,1.432,144.6,P,0.568,70.7,P,3.545,1016.700,P,0.451,147,P,5.09594704091204
256913_at,At3g23870,1.977,112.5,P,0.294,12.9,A,1.461,44.4,P,0.539,20.2,P,2.356,203.4,P,0.408,40,P,5.06985824632883
262832_s_at,At1g14870,2.324,1652,P,0.59,323.4,P,1.41,535.1,P,0.425,199.2,P,2.435,2625.600,P,0.311,381.5,P,5.02873736774671
245251_at,At4g17615,1.726,192.9,P,0.318,27.4,M,1.49,88.9,P,0.51,37.6,P,3.005,509.6,P,0.448,86.3,P,5.0189436230467
267611_at,At2g26660,1.74,1100.5,P,0.325,158.7,P,1.62,547.3,P,0.38,158.2,P,1.919,1841.900,P,0.361,394.1,P,4.97759784075574
261191_at,At1g32900,1.549,2434.300,P,0.295,357.5,P,1.785,1497.900,P,0.455,471.6,P,1.545,3682.4,P,0.269,728.4,P,4.97247293483196
265214_at,At1g05000,2.121,439.4,P,0.421,67.3,P,1.413,156.3,P,0.407,55.6,P,3.736,1174.1,P,0.587,209.6,P,4.95810493669085
248271_at,At5g53420,1.692,651.5,P,0.262,77.9,P,1.466,301.3,P,0.534,135.6,P,2.014,1176.7,P,0.363,241.1,P,4.91718099520889
247393_at,At5g63130,1.571,581.5,P,0.259,74,A,1.552,306.8,P,0.448,109.2,M,1.616,907.7,P,0.312,199.5,P,4.90313665313665
254283_s_at,At4g22870,1.566,501.8,P,0.246,60.8,P,1.587,271.4,P,0.434,91.6,P,1.583,769.2,P,0.347,191.7,P,4.86149844678834
262231_at,At1g68740,1.613,304.6,P,0.387,56.3,P,1.754,176.8,P,0.343,42.7,P,1.869,535.4,P,0.355,115.6,P,4.84881667087727
263403_at,At2g04040,2.314,429.8,P,0.385,55.2,P,1.455,144.3,P,0.35,42.8,P,2.343,660.3,P,0.545,174.6,P,4.82220501211327
259410_at,At1g13340,2.293,231.6,P,0.466,36.3,A,1.413,76.2,P,0.352,23.4,M,3.149,482.5,P,0.587,102.2,M,4.76645699718596
249152_s_at,At5g43370,2.39,347.6,P,0.444,49.8,P,1.556,120.8,P,0.413,39.6,P,1.724,380.3,P,0.335,84.1,P,4.76556867300606
267472_at,At2g02850,1.818,181.1,P,0.523,40.2,P,2.445,130,P,0.361,23.7,P,1.477,223.1,P,0.376,64.5,P,4.72571470044784
263699_at,At1g31120,1.614,88.3,P,0.46,19.4,A,1.54,45,P,0.277,10,A,1.896,157.4,P,0.376,35.5,A,4.7036052102223
256627_at,At3g19970,1.443,191,P,0.202,20.6,P,1.595,112.7,P,0.452,39.4,P,1.888,379,P,0.557,127,P,4.68730416399705
256583_at,At3g28850,2.434,90,P,0.365,10.4,P,1.282,25.3,P,0.587,14.3,P,3.714,208.3,P,0.718,45.8,P,4.67506049064185
257645_at,At3g25790,1.427,34.5,P,0.316,5.9,A,1.487,19.2,P,0.458,7.3,A,3.58,131.3,P,0.573,23.9,A,4.67012205825574
267423_at,At2g35060,1.952,254.8,P,0.354,35.6,P,1.529,106.6,P,0.471,40.5,P,2.147,425.3,P,0.41,92.3,P,4.66566472023351
258287_at,At3g15990,1.843,145.4,P,0.319,19.4,A,1.479,62.3,P,0.504,26.2,A,2.747,328.8,P,0.521,70.9,A,4.66150201990595
255924_at,At1g22170,1.75,252.3,P,0.362,40.2,P,1.481,114,P,0.519,49.3,P,2.264,495.2,P,0.363,90.2,P,4.64157776380118
252123_at,At3g51240,1.472,740.2,P,0.284,110.1,P,1.858,498.8,P,0.528,175,P,2.161,1648.900,P,0.417,361.6,P,4.62809739404379
264510_at,At1g09530,1.812,261.4,P,0.405,45,P,1.548,119.2,P,0.367,34.9,P,2.25,492.3,P,0.452,112.5,P,4.55664461049831
249747_at,At5g24600,2.03,142.2,P,0.339,18.3,A,1.567,58.6,P,0.433,20,P,1.631,173.3,P,0.414,50,P,4.51558392029412
250493_at,At5g09800,1.508,94.9,P,0.464,22.5,A,1.604,53.9,P,0.492,20.4,A,1.627,155.3,P,0.235,25.5,P,4.47785561898172
246302_at,At3g51860,1.893,393.5,P,0.28,44.9,P,1.338,148.5,P,0.477,65.3,P,2.52,794.4,P,0.662,237.2,P,4.45746408597831
247463_at,At5g62210,1.353,221.1,P,0.334,42.1,M,2.001,174.5,P,0.647,69.6,P,2.686,665.7,P,0.432,121.7,P,4.45374216647705
254889_at,At4g11650,2.524,1329.400,P,0.742,301.2,P,1.258,353.8,P,0.346,120,P,1.375,1098.7,P,0.22,199.7,P,4.42915180032096
267496_at,At2g30550,2.375,199.9,P,0.596,38.7,P,1.284,57.7,P,0.424,23.5,P,4.458,569.1,P,0.716,103.9,P,4.41315273296391
253386_at,At4g33030,1.512,2947.800,P,0.317,476.2,P,2.024,2107.2,P,0.488,626.9,P,1.937,5727.4,P,0.45,1514.6,P,4.40723383879303
262118_at,At1g02850,1.588,1111.1,P,0.354,190.9,P,1.569,586.4,P,0.43,198.3,P,2.185,2319.2,P,0.431,519.7,P,4.40143949465416
261240_at,At1g32940,1.962,120.3,P,0.427,20.2,A,1.182,38.7,P,0.245,9.9,A,3.082,286.7,P,0.818,86.5,A,4.39568791082107
252414_at,At3g47420,1.547,1547.900,P,0.296,228.3,P,1.686,900.7,P,0.388,255.8,P,1.636,2482.600,P,0.453,781.6,P,4.39439706826373
264148_at,At1g02220,1.706,33.4,P,0.51,7.7,A,1.349,14.1,P,0.651,8.4,A,3.657,108.6,P,0.471,15.9,A,4.39387528999683
249377_at,At5g40690,2.107,513.6,P,0.416,78.2,P,1.584,206.1,P,0.407,65.3,P,1.586,586.5,P,0.384,161.3,P,4.36233469045969
259481_at,At1g18970,3.397,226.1,P,0.68,34.9,P,1.32,46.9,P,0.413,18.1,M,1.438,145.2,P,0.295,33.8,P,4.35543013815696
261956_at,At1g64590,3.007,287.1,P,0.664,48.9,P,1.336,68.1,P,0.396,24.9,P,2.308,334.3,P,0.449,73.9,P,4.34755454519254
261021_at,At1g26380,2.033,93.6,P,0.735,26.1,P,1.265,31.1,P,0.461,14,P,3.486,243.5,P,0.466,37,P,4.33023593233172
251060_at,At5g01820,1.787,278.3,P,0.266,31.9,P,1.398,116.2,P,0.602,61.8,P,1.608,379.8,P,0.41,110,P,4.32075182283559
245361_at,At4g17790,1.892,621.7,P,0.411,104.1,P,1.519,266.4,P,0.481,104.2,P,2.227,1109.7,P,0.429,243.3,P,4.31751755839347
251928_at,At3g53980,1.911,190.2,P,0.279,21.4,A,1.361,72.3,P,0.639,41.9,A,2.284,344.7,P,0.591,101.5,A,4.28132967641313
260522_x_at,At2g41730,2.039,312.5,P,0.522,61.7,P,1.478,120.9,P,0.446,45,P,2.765,642.6,P,0.492,130.1,P,4.27998343755924
246045_at,At5g19430,1.824,430.7,P,0.483,87.9,P,1.509,190.3,P,0.491,76.4,P,1.87,669.9,P,0.317,129.2,P,4.24959029962967
262248_at,At1g48370,2.298,295.2,P,0.505,50,P,1.406,96.4,P,0.594,50.3,P,3.38,658.6,P,0.586,129.8,P,4.22847216841517
265744_at,At2g06660,0.726,8.2,P,0.149,1.3,A,1.244,7.5,P,0.511,3.8,A,1.127,19.3,P,0.211,4.1,A,4.21605257300779
264809_at,At1g08830,1.903,4003.600,P,0.436,707.8,P,2.256,2533.9,P,0.474,656.6,P,1.526,4870.100,P,0.436,1581.5,P,4.20805752332288
256340_at,At1g72070,1.526,67.4,P,0.528,18,A,1.472,34.7,P,0.443,12.9,A,2.26,151.4,P,0.354,27,A,4.19904380105914
262517_at,At1g17180,1.872,99.4,P,0.596,24.4,P,1.404,39.8,P,0.426,14.9,P,1.937,156,P,0.318,29.1,P,4.17596973791874
259403_at,At1g17745,1.773,1655.800,P,0.305,219.5,P,1.41,703.1,P,0.59,362.7,P,2.281,3231,P,0.53,853,P,4.16890628249287
254153_at,At4g24450,1.897,605.3,P,0.544,133.9,P,1.456,248,P,0.469,98.6,P,2.464,1192.400,P,0.419,230.8,P,4.15742607421268
249089_at,At5g44240,1.843,532.2,P,0.485,108,P,1.515,233.5,P,0.455,86.6,P,1.857,813.4,P,0.348,173.1,P,4.15529240874068
261285_at,At1g35720,1.491,3858.7,P,0.368,735,P,2.207,3048.7,P,0.509,867,P,1.803,7075.9,P,0.445,1987.5,P,4.14642289225467
265260_at,At2g43000,1.73,48.8,P,0.625,13.6,M,1.375,20.7,P,0.447,8.3,A,2.975,127.3,P,0.452,22,P,4.14197368230023
247918_at,At5g57610,1.738,248,P,0.345,37.9,P,1.435,109.3,P,0.565,53.1,P,2.005,433.8,P,0.414,101.8,P,4.14016644578399
247487_at,At5g62150,1.735,182.8,P,0.485,39.4,P,1.515,85.2,P,0.48,33.3,P,1.798,287.3,P,0.317,57.6,P,4.1351646259499
265025_at,At1g24575,1.519,465.9,P,0.359,84.8,P,1.773,290.3,P,0.41,82.9,P,1.844,857.7,P,0.481,254.1,P,4.12975594972334
257382_at,At2g40750,1.734,441.8,P,0.337,66.3,P,1.376,187.2,P,0.624,104.8,P,1.381,534,P,0.281,123.7,P,4.08837318197699
254290_at,At4g23000,2.122,117.4,P,0.408,17.4,P,1.449,42.8,P,0.551,20.1,P,2.153,180.7,P,0.487,46.5,P,4.08389633867139
251109_at,At5g01600,1.405,4375.700,P,0.595,1428.400,P,1.525,2534.800,P,0.298,610.9,P,1.438,6792.9,P,0.303,1626.1,P,4.0748895965678
256595_x_at,At3g28530,1.492,111.8,P,0.248,14.3,P,1.38,55.2,P,0.62,30.6,P,1.475,167.6,P,0.372,48,P,4.06899641577061
263168_at,At1g03020,1.486,63.8,P,0.556,18.4,A,2.926,67.1,P,0.512,14.5,A,1.444,94.1,P,0.379,28.1,A,4.06584400190929
264887_at,At1g23120,1.34,191.8,P,0.66,72.9,P,1.603,122.5,P,0.558,52.6,P,2.698,586,P,0.37,91.3,P,4.06498492627525
267165_at,At2g37710,1.785,485.6,P,0.372,78,P,1.447,210.2,P,0.529,94.8,P,2.572,1061.5,P,0.553,259.5,P,4.06157712942184
250213_at,At5g13820,1.582,98.8,P,0.251,12.1,A,1.341,44.7,P,0.479,19.7,A,1.998,189.3,P,0.659,71,A,4.04474592414233
254796_at,At4g13000,1.408,74.3,P,0.474,19.3,A,1.969,55.5,P,0.592,20.6,M,2.328,186.4,P,0.399,36.3,M,4.04368803823334
254636_at,At4g18700,1.859,946,P,0.397,155.6,P,1.466,398.2,P,0.534,179.1,P,1.852,1429.400,P,0.401,351.7,P,4.01546395491725
259925_at,At1g75040,2.971,358.9,P,0.501,46.7,P,1.485,95.8,P,0.491,39.1,P,1.592,291.8,P,0.515,107.2,P,4.01528059167161
248496_at,At5g50790,1.616,128.3,P,0.32,19.6,P,1.177,49.9,P,0.474,24.8,P,3.707,446.4,P,0.823,112.6,P,4.01245836558985
245038_at,At2g26560,3.317,813.6,P,0.842,159.3,P,1.158,151.6,P,0.488,78.9,P,3.079,1145.7,P,0.544,230.3,P,3.99076907300049
264497_at,At1g30840,2.033,68.2,P,0.526,13.6,P,1.474,26.4,P,0.48,10.6,A,2.062,104.9,P,0.411,23.8,P,3.9842946583035
249197_at,At5g42380,1.411,62.9,P,0.239,8.2,A,1.441,34.3,P,0.589,17.3,P,1.751,118.4,P,0.49,37.7,P,3.97458486758322
256672_at,At3g52310,1.892,85.3,P,0.46,16,A,1.5,36.1,P,0.38,11.3,A,1.912,130.8,P,0.5,38.9,A,3.9614706331045
247338_at,At5g63680,1.779,560.1,P,0.497,120.8,P,1.503,252.6,P,0.411,85.2,P,1.976,943.9,P,0.428,232.5,P,3.95107786588096
266752_at,At2g47000,2.369,352.4,P,0.563,64.6,P,1.437,114.1,P,0.528,51.7,P,2.278,513.9,P,0.469,120.3,P,3.92884968051487
263851_at,At2g04460,1.411,172.9,P,0.245,23.1,P,1.523,99.6,P,0.589,47.5,P,1.646,305.8,P,0.493,104.2,P,3.89455486895888
262313_at,At1g70900,1.664,437,P,0.453,91.8,P,1.523,213.5,P,0.477,82.6,P,1.993,794.1,P,0.414,187.6,P,3.89339032081971
254131_at,At4g24740,1.672,406.6,P,0.421,79,P,1.503,195.1,P,0.432,69.2,P,2.093,771.9,P,0.497,208.5,P,3.8873102364517
250690_at,At5g06530,1.724,677.9,P,0.407,123.5,P,1.472,309.1,P,0.399,103.5,P,1.97,1175.400,P,0.528,358,P,3.88538529985898
255561_at,At4g02050,1.655,384.9,P,0.478,85.8,P,1.48,183.8,P,0.471,72.2,P,2.587,912.5,P,0.52,208.4,P,3.85986454233996
252316_at,At3g48700,1.278,37.9,P,0.472,10.8,A,1.756,27.8,P,0.722,14.1,A,2.194,98.7,P,0.344,17.6,A,3.83922235312572
264574_at,At1g05300,1.478,81.1,P,0.378,16,A,1.472,43.1,P,0.451,16.3,A,2.276,189.4,P,0.528,50,P,3.82817235459512
266100_at,At2g37980,1.481,64.8,P,0.519,17.5,A,1.541,36,P,0.375,10.8,A,1.712,113.6,P,0.379,28.6,A,3.82668275877262
258947_at,At3g01830,1.381,136.9,P,0.264,20.2,M,1.453,76.9,P,0.619,40.4,P,1.891,284.3,P,0.488,83.4,P,3.81779833879995
261907_at,At1g65060,1.36,243,P,0.241,33.2,A,1.935,184.6,P,0.64,75.4,P,1.76,477.2,P,0.637,196.3,P,3.80984745378362
257271_at,At3g28007,1.596,122.8,P,0.472,28,P,1.473,60.5,P,0.527,26.7,P,2.452,286.1,P,0.467,62,P,3.80898589259047
258117_at,At3g14700,2.28,49.1,P,0.458,7.6,A,1.47,16.9,P,0.423,6,A,1.57,51.3,P,0.53,19.7,A,3.80520246492419
250558_at,At5g07990,1.48,122.2,P,0.372,23.7,A,1.556,68.6,P,0.417,22.7,P,1.912,239.5,P,0.52,74,P,3.79561085622817
245621_at,At4g14070,1.829,363.1,P,0.403,61.7,P,1.493,158.2,P,0.465,60.8,P,1.835,552.6,P,0.507,173.7,P,3.78951453839791
255621_at,At4g01390,1.667,580.5,P,0.449,120.6,P,1.462,271.9,P,0.538,123.4,P,2.414,1275.400,P,0.489,293.5,P,3.78892410447936
262314_at,At1g70810,1.885,430.6,P,0.452,79.7,P,1.381,168.4,P,0.509,76.7,P,2.751,953.3,P,0.619,244.1,P,3.77592733019703
247513_at,At5g61510,1.543,790.6,P,0.496,196.1,P,1.504,411.3,P,0.475,160.3,P,2.333,1813.300,P,0.462,408.1,P,3.77566214534381
258697_at,At3g09660,1.578,87.9,P,0.48,20.6,A,1.52,45.2,P,0.417,15.3,A,2.028,171.3,P,0.468,44.9,A,3.75530575539568
257185_at,At3g13100,2.635,58.1,P,0.494,8.4,A,1.24,14.6,P,0.482,7,A,2.55,85.3,P,0.76,28.9,P,3.75396178764818
245711_at,At5g04340,1.947,1019,P,0.376,151.7,P,1.436,401.4,P,0.443,152.7,P,1.58,1254.7,P,0.564,508.9,P,3.74038163926378
258218_at,At3g18000,1.395,217.2,P,0.325,39,M,2.195,182.4,P,0.605,62,P,1.733,409.1,P,0.527,141.5,P,3.73627730443325
255686_at,At4g00630,1.483,367,P,0.336,64.1,P,1.462,193.1,P,0.538,87.7,P,2.015,756.3,P,0.502,214.2,P,3.71503560608572
258791_at,At3g04720,1.86,2346,P,0.448,436.1,P,1.443,971.9,P,0.431,358.3,P,2.028,3881.300,P,0.557,1211.6,P,3.71358237640801
248164_at,At5g54490,1.414,301.9,P,0.304,50.1,P,1.748,199.2,P,0.586,82.4,P,1.69,547.2,P,0.482,177.3,P,3.71349166981578
260435_at,At1g68320,2.574,87.5,P,0.645,16.9,P,1.328,24.1,P,0.366,8.2,A,2.345,120.9,P,0.672,39.4,P,3.7028987694328
252291_s_at,At3g49120,1.435,1577,P,0.54,458.2,P,1.668,978.9,P,0.545,394.5,P,3.039,5068,P,0.565,1072,P,3.69890630935664
261651_at,At1g27760,1.613,246.5,P,0.325,38.3,P,1.41,115,P,0.59,59.4,P,1.649,382.2,P,0.443,116.7,P,3.69175168711611
252310_at,At3g49350,1.769,329.9,P,0.335,48.1,P,1.499,149.2,P,0.549,67.4,P,1.451,410.5,P,0.476,152.9,P,3.68644509539672
267075_at,At2g41070,1.571,60.1,P,0.634,18.7,A,1.366,27.9,P,0.349,8.8,A,1.716,99.6,P,0.368,24.3,M,3.68500052464887
253182_at,At4g35190,1.481,102.9,P,0.519,27.8,P,1.882,69.8,P,0.415,19,A,1.559,164.3,P,0.427,51.2,P,3.67985272347031
245563_at,At4g14580,1.334,41,P,0.283,6.7,P,1.633,26.8,P,0.533,10.8,A,2.147,100.1,P,0.666,35.3,P,3.66709817037319
259329_at,At3g16360,1.473,159.7,P,0.404,33.8,P,1.728,100,P,0.419,29.9,P,1.635,268.9,P,0.527,98.5,P,3.62420380302082
250794_at,At5g05270,1.454,338.8,P,0.477,85.7,P,1.765,219.6,P,0.546,83.8,P,1.979,699.5,P,0.433,173.9,P,3.61708585367568
256924_at,At3g29590,1.808,74.3,P,0.442,14,A,1.431,31.4,P,0.569,15.4,P,1.64,102.2,P,0.387,27.4,P,3.61438744144141
263553_at,At2g16430,1.455,937.3,P,0.354,175.9,P,1.564,538.1,P,0.545,231.4,P,1.521,1486.800,P,0.396,439.7,P,3.60693445102557
249527_at,At5g38710,2.992,130.7,P,0.546,18.4,P,1.282,29.9,P,0.598,17.2,P,2.274,150.7,P,0.718,54.1,P,3.59693236936788
253059_s_at,At4g38320,1.892,707.6,P,0.399,115.1,P,1.402,279.9,P,0.533,131.3,P,2.009,1140,P,0.598,385.8,P,3.57726013513813
259070_at,At3g11670,1.501,704.3,P,0.437,158.1,P,1.695,424.6,P,0.499,154.2,P,1.686,1200.1,P,0.437,353.5,P,3.56323325522135
253796_at,At4g28460,1.445,33.8,P,0.555,10,A,1.914,23.9,P,0.474,7.3,A,1.607,57,P,0.407,16.4,A,3.52999374518362
257946_at,At3g21710,2.433,190.1,P,0.763,46,P,1.237,51.6,P,0.563,29,A,2.559,303.4,P,0.494,66.6,P,3.52201624250505
253274_at,At4g34200,1.435,1753.2,P,0.365,343.8,P,1.522,992.4,P,0.565,454.6,P,1.524,2823.800,P,0.387,816,P,3.52109888505787
254389_s_at,At4g21910,2.358,310,P,0.485,49.2,P,1.373,96.4,P,0.574,49.7,P,2.066,412.1,P,0.627,142.1,P,3.51629918473082
245267_at,At4g14060,2.307,154.4,P,0.87,44.9,P,1.36,48.6,P,0.293,12.9,P,1.13,114.7,P,0.349,40.3,P,3.5103949042524
266017_at,At2g18690,2.11,97.2,P,0.476,16.9,A,1.269,31.2,P,0.53,16.1,P,2.673,186.8,P,0.731,58.1,P,3.49458249293574
248596_at,At5g49330,1.468,87.3,P,0.532,24.4,A,1.946,61.8,P,0.493,19.3,A,1.883,169.9,P,0.5,51.3,P,3.4908867198422
252827_at,At4g39950,1.402,525.3,P,0.32,92.5,P,1.329,266,P,0.472,116.6,P,2.193,1246.800,P,0.671,433.4,P,3.48839476664393
253805_at,At4g28260,1.862,653,P,0.486,131.4,P,1.57,294,P,0.383,88.4,P,1.426,758.8,P,0.574,347,P,3.47160432927956
250344_at,At5g11930,1.358,97,P,0.454,25,A,1.663,63.4,P,0.642,30.2,A,1.808,195.9,P,0.376,46.3,A,3.46334758157946
254726_at,At4g13660,1.635,260.9,P,0.649,79.8,P,1.351,115.1,P,0.319,33.5,A,1.483,359,P,0.408,112.3,P,3.4630580133511
266364_at,At2g41230,1.643,420.1,P,0.708,139.7,P,1.292,176.3,P,0.35,59,P,1.586,615,P,0.365,161,P,3.45241850660239
260557_at,At2g43610,2.497,113.8,P,0.808,28.4,P,1.36,33.1,P,0.276,8.3,A,1.192,82.4,P,0.524,41.2,P,3.43089730894762
258217_at,At3g17990,1.307,129.5,P,0.353,27,A,2.141,113.2,P,0.693,45.2,P,1.408,211.5,P,0.403,68.9,P,3.4286040635305
251942_at,At3g53480,2.408,101.7,P,0.958,31.2,P,1.042,23.5,P,0.482,13.4,A,2.168,138.9,P,0.39,28.4,A,3.41145667416165
260602_at,At1g55920,1.354,843.8,P,0.379,182.3,P,1.489,495.1,P,0.408,167.4,P,1.928,1821.900,P,0.646,693.6,P,3.40219643150507
247541_at,At5g61660,1.754,526.4,P,0.491,113.7,P,1.34,214.7,P,0.66,130.5,P,2.969,1351.400,P,0.655,339.2,P,3.37847629448195
250207_at,At5g13930,1.369,3519.300,P,0.45,891.2,P,1.836,2520.100,P,0.631,1068.6,P,1.771,6906.3,P,0.425,1883.2,P,3.37298274689344
266075_s_at,At2g40710,1.5,1225.6,P,0.5,315.1,P,1.594,695.5,P,0.494,265.7,P,1.903,2358.2,P,0.493,694.6,P,3.36225373857487
252619_at,At3g45210,1.446,352.6,P,0.554,104.2,P,1.488,193.7,P,0.454,73,P,1.67,617.7,P,0.398,167.5,P,3.36120708079805
251644_at,At3g57540,1.69,49,P,0.537,12,A,1.428,22.1,P,0.497,9.5,A,2.301,101.2,P,0.572,28.6,P,3.34769343446265
245463_at,At4g17030,1.853,325.6,P,0.609,82.5,P,1.37,128.6,P,0.63,72.9,P,2.364,630.4,P,0.497,150.6,P,3.32461178308677
250500_at,At5g09530,1.792,249.9,P,0.79,85,P,1.21,90.1,P,0.506,46.5,P,1.586,335.5,P,0.3,72.2,P,3.3154418149575
251259_at,At3g62260,1.282,230.9,P,0.279,38.7,P,1.429,137.4,P,0.474,56.2,P,1.628,444.6,P,0.718,222.9,P,3.29238649403153
247469_at,At5g62165,1.626,18.8,M,0.505,4.5,A,1.409,8.7,P,0.315,2.4,A,1.368,24,P,0.632,12.6,A,3.28579160507974
259418_at,At1g02390,1.826,72.7,P,0.583,17.9,P,1.388,29.5,P,0.61,16,P,2.653,160.2,P,0.612,42,P,3.24748420934171
264010_at,At2g21100,2.129,65.6,P,0.644,15.3,P,1.969,32.4,P,0.557,11.3,A,1.356,63.4,P,0.474,25.2,A,3.23388969714986
258809_at,At3g04070,2.237,384.1,P,0.859,113.7,P,1.141,104.6,P,0.393,44.4,P,2.769,721.2,P,0.663,196.4,P,3.22798979865002
250670_at,At5g06860,1.695,1177,P,0.612,327.7,P,1.388,514.4,P,0.515,235.5,P,2.371,2496.5,P,0.57,682.7,P,3.20813419900408
251531_at,At3g58550,2.127,437.1,P,0.692,109.6,P,1.362,149.4,P,0.524,71,P,1.308,407.8,P,0.334,118.5,P,3.19636790928578
266118_at,At2g02130,1.45,1687.6,P,0.46,412.6,P,1.965,1221.1,P,0.55,421.8,P,1.478,2608.800,P,0.541,1086.2,P,3.15229300154157
254818_at,At4g12470,1.267,2371.5,P,0.424,612.8,P,1.589,1588.2,P,0.46,567.2,P,2.201,6251.700,P,0.733,2367.800,P,3.1484279620724
249011_at,At5g44670,1.425,262.6,P,0.477,67.8,P,1.542,151.7,P,0.575,69.8,P,1.895,529.8,P,0.502,159.6,P,3.14802030416299
263845_at,At2g37040,1.661,1014.8,P,0.442,208.2,P,1.883,614.2,P,0.652,262.3,P,1.348,1249.800,P,0.482,508.4,P,3.14754528659249
256593_at,At3g28510,2.146,30.1,P,0.675,7.3,A,1.936,14.5,P,0.617,5.7,A,1.325,28.2,P,0.426,10.3,A,3.14245042296921
247287_at,At5g64230,1.808,90.6,P,0.536,20.7,P,1.365,36.5,P,0.627,20.7,P,2.446,185.9,P,0.635,54.9,P,3.13404544170606
255595_at,At4g01700,1.512,205.1,P,0.719,75.2,P,1.281,92.8,P,0.46,41.1,P,1.742,358.4,P,0.386,90.4,P,3.133552233266
257217_at,At3g14940,2.179,524.7,P,0.732,135.9,P,1.268,163,P,0.62,98.3,P,1.542,563.3,P,0.354,147.1,P,3.12595648333219
251493_at,At3g59300,1.373,234.2,P,0.448,58.9,P,1.562,142.3,P,0.488,54.9,P,1.946,503.7,P,0.627,184.5,P,3.12307335885043
245889_at,At5g09480,2.407,94.4,P,0.8,24.2,P,1.499,31.4,P,0.526,13.6,P,1.2,71.4,P,0.347,23.5,P,3.1055910474719
254508_at,At4g20170,1.385,241.6,P,0.371,49.9,P,1.464,136.3,P,0.601,69.1,P,1.935,511.9,P,0.615,185,P,3.10514506735409
250537_at,At5g08565,1.593,114.1,P,0.532,29.4,A,1.726,66,P,0.557,26.3,A,1.443,156.7,P,0.449,55.5,A,3.10230421100393
256256_at,At3g11230,1.687,321.4,P,0.566,83.2,P,1.546,157.3,P,0.433,54.4,P,1.434,414.5,P,0.529,174,P,3.08725973911998
262811_at,At1g11700,1.358,110.1,P,0.573,35.8,P,1.374,59.5,P,0.305,16.3,P,1.529,188.1,P,0.642,89.8,P,3.08550683949154
248429_at,At5g51770,1.791,94.2,P,0.55,22.3,P,1.314,36.9,P,0.58,20.1,A,2.552,203.6,P,0.686,62.2,A,3.08066583193958
259980_at,At1g76520,1.502,1267.900,P,0.454,295.3,P,1.35,608.5,P,0.513,285.5,P,2.14,2740.7,P,0.65,945.8,P,3.07741889457633
251065_at,At5g01870,2.425,317.8,P,0.71,71.8,P,1.905,133.3,P,0.567,49,P,1.29,256.4,P,0.531,120,P,3.06821994953609
248485_at,At5g51050,1.692,255.9,P,0.517,60.3,P,1.455,117.5,P,0.525,52.3,P,1.713,393.1,P,0.545,142.2,P,3.06242503673696
246228_at,At4g36430,2.91,299.4,P,0.82,65.1,P,2.277,125.1,P,0.829,56.2,P,1.171,182.8,P,0.407,72.3,P,3.05753770508544
264525_at,At1g10060,1.714,226.8,P,0.544,55.5,P,1.439,101.6,P,0.48,41.8,M,1.653,331.7,P,0.561,128.1,P,3.03172534165181
257194_at,At3g13110,1.411,1947.900,P,0.456,485.9,P,1.628,1199.900,P,0.558,507.4,P,1.816,3803.4,P,0.589,1401.800,P,3.03168427340753
267545_at,At2g32690,1.764,158.8,P,0.542,37.6,P,1.363,65.5,P,0.445,26.4,P,1.761,240.5,P,0.637,98.9,P,3.02735169584423
257174_at,At3g27190,1.763,342,P,0.599,89.6,P,1.401,145.1,P,0.512,65.4,P,1.623,477.6,P,0.481,160.9,P,3.01792907681302
264318_at,At1g04220,1.374,47,P,0.664,17.5,A,1.336,24.4,P,0.506,11.4,A,2.485,128.9,P,0.593,35,A,2.96671660212627
264026_at,At2g21060,1.821,163.3,P,0.549,38,P,1.255,60.1,P,0.399,23.6,P,1.815,246.9,P,0.745,115.2,P,2.96618163665665
261933_at,At1g22410,1.405,2000.2,P,0.495,543.2,P,1.683,1279.400,P,0.595,558.4,P,1.723,3721.4,P,0.536,1315.900,P,2.96050250192041
254231_at,At4g23810,1.208,162,P,0.306,31.6,P,1.737,124.4,P,0.792,70,P,1.322,268.9,P,0.488,112.9,P,2.94997020997503
247447_at,At5g62730,1.671,95.3,P,0.634,27.9,P,1.366,41.6,P,0.431,16.2,P,1.688,146.1,P,0.56,55.1,P,2.93976865062229
256093_at,At1g20823,1.396,337.5,P,0.359,66.9,P,1.388,179.2,P,0.612,97.5,P,1.529,560.9,P,0.607,253.3,P,2.89183295922089
255259_at,At4g05020,1.448,180.3,P,0.475,45.6,P,1.309,87,P,0.597,49,P,2.364,446.5,P,0.691,148.4,P,2.88739322240641
252400_at,At3g48020,1.948,122.6,P,0.797,38.7,P,1.203,40.4,P,0.591,24.5,M,2.429,231.9,P,0.583,63.3,P,2.88202646834173
250400_at,At5g10740,2.038,239.7,P,0.611,55.4,P,1.33,83.5,P,0.641,49.7,P,2.161,385.5,P,0.67,135.9,P,2.87859055930989
265246_at,At2g43050,1.528,49.1,P,0.501,12.4,A,1.394,23.9,P,0.595,12.6,A,1.919,93.5,P,0.606,33.6,A,2.85314133637487
250950_at,At5g03540,1.44,556.5,P,0.515,153.5,P,1.591,328.3,P,0.56,142.5,P,1.597,936.2,P,0.555,369.8,P,2.83822180363442
256156_at,At3g08510,1.486,1125.400,P,0.499,291.6,P,1.406,568.4,P,0.525,261.8,P,1.689,1939.400,P,0.594,775.4,P,2.83316183111774
255724_at,At4g00010,1.452,61,P,0.509,16.5,A,1.346,30.2,P,0.654,18.1,A,1.481,94.4,P,0.415,30.1,P,2.82647697788746
253994_at,At4g26080,1.877,420.7,P,0.576,99.5,P,1.343,160.7,P,0.605,89.3,P,1.948,662.3,P,0.657,253.9,P,2.81450255198309
256008_s_at,At1g34040,1.862,43.9,P,0.621,11.3,P,1.152,14.5,P,0.508,7.9,P,2.672,95.6,P,0.848,34.5,P,2.80568320856712
254975_at,At4g10500,2.548,68.7,P,0.798,16.6,A,1.202,17.3,P,0.501,8.9,A,1.653,67.6,P,0.591,27.5,A,2.79637945588918
264587_at,At1g05200,1.886,86.3,P,0.592,20.9,A,1.122,27.4,P,0.511,15.4,A,2.63,182.5,P,0.878,69.3,P,2.79231657279914
252470_at,At3g46930,1.118,30.8,P,0.353,7.5,A,1.795,26.4,P,0.727,13.2,M,2.386,99.7,P,0.882,41.9,P,2.78046837459491
252011_at,At3g52720,1.34,788.9,P,0.538,244.5,P,1.664,523,P,0.66,256.2,P,1.823,1628.6,P,0.548,557,P,2.77952025889372
248144_at,At5g54800,1.431,330.4,P,0.527,93.8,P,1.481,182.5,P,0.541,82.3,P,1.618,566.5,P,0.569,226.5,P,2.76549278719804
263491_at,At2g42600,1.692,2416.4,P,0.552,608.1,P,1.95,1486.6,P,0.768,722.7,P,1.232,2669.4,P,0.464,1142.300,P,2.75315076836582
265772_at,At2g48010,1.738,164.8,P,0.71,51.9,P,1.29,65.3,P,0.445,27.8,P,1.912,275,P,0.661,108.1,P,2.74645023928268
253024_at,At4g38080,1.697,179.3,P,0.828,67.5,P,1.172,66.1,P,0.567,39.5,P,1.648,264.2,P,0.4,72.9,P,2.7455121028551
266965_at,At2g39510,1.47,101.2,P,0.578,30.7,P,1.763,64.8,P,0.631,28.6,P,1.369,143,P,0.477,56.6,P,2.73575045750385
258151_at,At3g18080,1.34,1665.7,P,0.412,394.8,P,1.371,909.9,P,0.66,540.9,P,1.86,3508.300,P,0.659,1412,P,2.71738606061499
252652_at,At3g44720,1.459,201.1,P,0.359,38.2,A,1.222,89.9,P,0.592,53.8,A,1.574,329.1,P,0.778,185,P,2.71713076278117
266359_at,At2g32260,1.542,298.8,P,0.602,90,P,1.398,144.6,P,0.511,65.3,P,1.639,481.7,P,0.575,192.2,P,2.71590290323368
258565_at,At3g04350,1.602,377.4,P,0.612,111.2,P,1.49,187.4,P,0.474,73.6,P,1.388,495.9,P,0.589,239.4,P,2.70588115899401
257122_at,At3g20250,1.598,266.2,P,0.53,68.1,P,1.217,108.3,P,0.464,50.9,P,1.913,483.5,P,0.783,224.9,P,2.69370215748171
255689_at,At4g00670,2.108,23.8,P,0.632,5.5,A,1.708,10.3,P,0.632,4.7,A,1.109,19,P,0.555,10.8,P,2.67872429391417
262882_at,At1g64900,1.219,147.8,P,0.482,45.1,P,1.569,101.6,P,0.509,40.7,P,1.818,334.5,P,0.781,163.4,P,2.64644842303092
251200_at,At3g63010,1.802,79.2,P,0.87,29.5,P,1.13,26.5,P,0.408,11.8,P,2.469,164.6,P,0.797,60.4,P,2.64624640406935
259081_at,At3g05030,1.44,112.7,P,0.472,28.5,P,1.341,56,P,0.659,34,P,1.842,218.6,P,0.648,87.4,P,2.64278047197511
257610_at,At3g13810,1.56,79.5,P,0.776,30.5,P,1.224,33.3,P,0.459,15.4,A,1.7,131.4,P,0.528,46.4,P,2.63222430490472
267315_at,At2g34720,1.599,459.9,P,0.574,127.3,P,1.765,270.9,P,0.728,137.9,P,1.272,554.9,P,0.482,239,P,2.61638966151414
248799_at,At5g47230,1.306,235.5,P,0.382,53.2,P,1.683,162.1,P,0.789,93.8,P,1.211,331.3,P,0.537,167.2,P,2.60234968609285
247304_at,At5g63850,1.462,586.2,P,0.517,160,P,1.417,303.4,P,0.527,139.3,P,1.392,847.1,P,0.608,420.2,P,2.602043745452
248243_at,At5g53590,1.429,145,P,0.521,40.8,P,1.372,74.3,P,0.628,42,P,1.784,274.6,P,0.624,109.1,P,2.5954966793445
251790_at,At3g55470,1.535,168,P,0.601,50.7,P,1.174,68.6,P,0.399,28.8,P,1.878,311.9,P,0.826,156,P,2.59001339233661
245486_x_at,At4g16240,1.248,57.6,P,0.444,15.8,A,1.542,38,P,0.575,17.5,A,1.709,119.7,P,0.752,59.9,A,2.58838544140811
253980_at,At4g26620,1.687,458.5,P,0.57,119.4,P,1.401,203.2,P,0.599,107.3,P,1.422,586.3,P,0.587,275.1,P,2.57367816986056
257798_at,At3g15950,1.959,250.2,P,0.644,63.4,P,1.336,91.1,P,0.664,55.9,P,1.753,339.6,P,0.66,145.4,P,2.57001142155673
248888_at,At5g46240,1.259,93.8,P,0.611,35.1,P,1.513,60.2,P,0.741,36.4,P,2.369,267.8,P,0.657,84.4,P,2.56939189616482
264583_at,At1g05170,1.678,60.4,P,0.648,18,A,1.473,28.3,P,0.599,14.2,A,1.352,73.8,P,0.509,31.6,A,2.5682644251478
258604_at,At3g02980,1.627,81.8,P,0.647,25.1,A,1.308,35.1,P,0.501,16.6,P,1.761,134.3,P,0.692,60,P,2.55675309466298
253922_at,At4g26850,1.332,1484.1,P,0.525,451.4,P,2.008,1194.7,P,0.668,490.6,P,1.351,2283.4,P,0.649,1247,P,2.5415983265694
249010_at,At5g44580,1.319,244.5,P,0.632,90.4,P,1.683,166.6,P,0.597,73,P,1.842,518.2,P,0.681,217.9,P,2.53698886960687
246993_at,At5g67450,1.301,79.1,P,0.441,20.7,P,1.482,48.1,P,0.699,28,P,1.403,129.4,P,0.554,58.1,P,2.5342586757446
265228_s_at,At2g07698,2.015,247.6,P,0.796,75.4,P,1.161,76.2,P,0.514,41.6,P,2.35,438.1,P,0.839,177.7,P,2.53037180502656
258323_at,At3g22750,1.351,143,P,0.502,41,A,1.523,86.1,P,0.635,44.3,A,1.612,259,P,0.649,118.6,P,2.52449384003121
248172_at,At5g54660,1.367,81.8,P,0.596,27.5,P,1.643,52.5,P,0.632,24.9,A,1.688,153.2,P,0.633,65.3,P,2.5199914573481
259015_at,At3g07350,1.644,623.9,P,0.638,186.6,P,1.376,278.8,P,0.573,143.3,P,1.362,784.4,P,0.528,345.9,P,2.5192480409803
247549_at,At5g61420,1.451,291.9,P,0.557,86.5,P,1.622,174.2,P,0.621,82.3,P,1.379,421,P,0.596,206.9,P,2.51023386111132
266761_at,At2g47130,1.904,91.9,P,0.776,28.9,P,1.405,36.2,P,0.604,19.2,P,1.224,89.6,P,0.446,37.1,P,2.50805393555137
264929_at,At1g60730,1.677,57.1,P,0.548,14.4,A,1.21,22,P,0.512,11.5,A,1.638,84.6,P,0.79,46.4,P,2.49897264987373
266910_at,At2g45920,1.491,105.5,P,0.544,29.7,A,1.347,50.9,P,0.648,30.2,A,1.744,187.2,P,0.653,79.7,P,2.4967543033605
260375_at,At1g73950,1.895,100.5,P,0.78,31.9,P,1.208,34.2,P,0.455,15.9,P,1.87,150.5,P,0.792,72.5,P,2.48184778184778
254417_at,At4g21470,1.593,603.3,P,0.574,167.6,P,1.316,266.1,P,0.637,158.9,A,1.73,994,P,0.684,446.6,P,2.45681171868592
251906_at,At3g53720,1.609,171.8,P,0.627,51.6,P,1.224,69.8,P,0.472,33.2,P,1.707,276.4,P,0.776,142.8,P,2.45305026826381
252504_at,At3g46590,1.304,418,P,0.549,135.6,P,1.631,279.1,P,0.696,146.9,P,1.42,690.2,P,0.54,298.7,P,2.44941604031014
266167_at,At2g38860,1.347,343.6,P,0.653,128.5,P,1.358,185,P,0.519,87.2,P,1.519,588,P,0.57,250.7,P,2.44808991484959
261900_at,At1g80940,1.682,217.5,P,0.691,68.9,P,1.309,90.4,P,0.62,52.8,P,1.875,367.9,P,0.691,154.1,P,2.41963415962529
256236_at,At3g12350,1.721,306.4,P,0.658,90.4,P,1.336,127,P,0.597,70.1,P,1.592,430.1,P,0.664,204,P,2.41698260920043
253163_at,At4g35750,1.76,1896.300,P,0.677,562.8,P,1.302,748.9,P,0.61,433.3,P,1.732,2831.7,P,0.698,1297.7,P,2.40516872223317
256376_s_at,At1g66690,1.469,119.9,P,0.574,36.1,P,1.239,54,P,0.502,27,P,1.631,201.9,P,0.761,107.1,P,2.39019784273876
247519_at,At5g61430,1.25,43.3,P,0.416,11.1,A,1.498,27.7,P,0.727,16.6,A,1.572,82.6,P,0.75,44.8,A,2.38711012943957
266617_at,At2g29670,1.372,1004.700,P,0.667,376.8,P,1.333,521.1,P,0.585,282.5,P,1.801,2000.2,P,0.653,824.4,P,2.36454793636938
266326_at,At2g46650,1.242,701.6,P,0.516,225,P,1.754,529.1,P,0.758,282.2,P,1.645,1409.7,P,0.755,735.7,P,2.29992295335712
251695_at,At3g56585,1.455,151.6,P,0.579,46.5,P,1.222,68,P,0.585,40.2,P,1.688,266.8,P,0.778,139.8,P,2.25716935551106
256779_at,At3g13784,1.477,49.5,P,0.712,18.4,P,1.676,30,P,0.688,15.2,P,1.288,65.5,P,0.573,33.1,P,2.2527677376675
250343_at,At5g11900,1.287,245.7,P,0.621,91.5,P,1.409,143.7,P,0.676,85.1,P,1.81,524.4,P,0.713,235,P,2.2317842399027
264366_at,At1g03250,1.336,179.7,P,0.59,61.2,P,1.393,100,P,0.664,58.8,P,1.365,278.5,P,0.591,137,P,2.22398100532561
267053_s_at,At2g38390,1.878,749,P,0.894,274.9,P,1.427,303.7,P,0.636,167,P,1.106,669,P,0.481,330.8,P,2.2145860440466
248612_at,At5g49530,1.23,146,P,0.562,51.4,P,1.414,89.6,P,0.689,53.9,P,1.835,330.3,P,0.77,157.5,P,2.20799287330544
263438_at,At2g28660,1.745,238,P,0.87,91.5,P,1.13,82.3,P,0.51,45.8,P,1.317,272.5,P,0.55,129.4,P,2.20532628516401
253534_at,At4g31500,1.221,828.7,P,0.564,295.5,P,1.158,419.8,P,0.492,219.9,P,1.727,1778.400,P,0.842,985.5,P,2.18987367907236
247812_at,At5g58390,1.294,408.1,P,0.568,138.3,P,1.404,236.5,P,0.64,133.1,P,1.454,696.1,P,0.706,384.4,P,2.17713636635678
264668_at,At1g09780,1.265,1594,P,0.601,583.8,P,1.686,1133.7,P,0.799,663.2,P,1.201,2295.100,P,0.537,1166.300,P,2.15048734405759
250813_at,At5g05000,1.474,436.3,P,0.657,149.9,P,1.344,212.4,P,0.646,126,P,1.343,603.3,P,0.638,325.6,P,2.14301407748455
248492_at,At5g51040,1.476,583,P,0.669,203.6,P,1.615,340.5,P,0.768,199.8,P,1.232,738,P,0.6,408.4,P,2.12082531452417
263153_s_at,At1g54010,1.326,669.3,P,0.651,253.4,P,1.455,391.9,P,0.674,224,P,1.398,1069.800,P,0.673,585.4,P,2.09096201396663
266587_at,At2g14880,0.847,153,P,1.759,245.2,P,0.882,85.1,P,1.925,229.2,P,0.55,150.8,P,1.118,348.5,P,0.477218440562307
255791_at,At2g33430,0.636,248.3,P,1.426,429.5,P,0.707,147.3,P,1.42,365.4,P,0.615,364.4,P,1.293,871,P,0.473176060012278
261301_at,At1g48570,0.667,83.8,P,1.402,135.8,P,0.82,55,P,1.659,137.3,P,0.512,97.6,P,1.18,255.5,P,0.467973631338408
251008_at,At5g02710,0.6,55.2,P,1.295,91.9,P,0.68,33.4,P,1.429,86.7,P,0.705,98.5,P,1.592,252.8,P,0.460672300709172
251130_at,At5g01180,0.553,12,A,1.207,20.2,P,0.647,7.5,A,1.476,21.1,P,0.793,26.1,P,1.651,61.8,P,0.458940857726374
251639_at,At3g57560,0.683,173.6,P,1.547,303.5,P,0.72,97.8,P,1.617,271,P,0.61,235.4,P,1.28,561.4,P,0.454443731163794
247347_at,At5g63780,0.599,135.9,P,1.353,236.8,P,0.778,94.2,P,1.727,258.2,P,0.572,196.9,P,1.222,478.4,P,0.45376572370117
249466_at,At5g39740,0.611,569.5,P,1.273,914.9,P,0.727,362.1,P,1.507,926,P,0.501,708.7,P,1.3,2090.4,P,0.449256196123531
252876_at,At4g39970,0.598,260.8,P,1.519,511.1,P,0.783,182.4,P,1.599,459.6,P,0.556,367.9,P,1.217,915.4,P,0.446740745752932
247654_at,At5g59850,0.555,621.6,P,1.213,1047.5,P,0.787,470.3,P,1.658,1222.800,P,0.508,862.1,P,1.247,2408.600,P,0.446529754215645
245399_at,At4g17340,0.572,300.2,P,1.313,531.4,P,0.553,154.8,P,1.36,470.1,P,0.687,546.4,P,1.39,1257.5,P,0.445501938577269
253286_at,At4g34260,0.651,112.7,P,1.319,176.2,P,0.681,63,P,1.464,167.1,P,0.516,135.5,P,1.382,413,P,0.444030527735444
257756_at,At3g18680,0.585,218.7,P,1.232,354.9,P,0.768,153.2,P,1.636,402.7,P,0.506,286.5,P,1.341,863.7,P,0.440535221878037
266279_at,At2g29290,0.735,272.7,P,1.666,476.6,P,0.709,140.4,P,1.537,375.7,P,0.528,297.3,P,1.265,809.2,P,0.439951999582894
258034_at,At3g21300,0.428,19.5,A,1.264,44.4,P,0.736,17.9,P,1.506,45.2,P,0.656,45.3,A,1.356,106.5,P,0.437031741845086
266357_at,At2g32290,0.553,14.1,P,1.23,24.2,M,0.719,9.8,P,1.44,24.2,P,0.77,29.8,A,2.132,93.8,P,0.436687426169134
246074_at,At5g20130,0.67,147.1,P,1.446,244.8,P,0.67,78.5,P,1.586,229.4,P,0.564,187.9,P,1.33,503.6,P,0.43661790700696
265779_at,At2g07370,0.73,36,P,1.503,57.2,P,0.619,16.3,P,1.27,41.3,P,0.587,43.9,P,1.87,159.1,P,0.429000198077699
253440_at,At4g32570,0.521,87,P,1.333,171.7,P,0.74,66,P,1.511,166.3,P,0.51,129.1,P,1.26,362.9,P,0.428450503158707
262622_at,At1g06510,0.659,55.5,P,1.547,100.4,P,0.648,29.1,P,1.626,90.2,P,0.614,78.4,P,1.341,194.6,P,0.4274590091344
263131_at,At1g78630,0.684,1166.900,P,1.538,2025,P,0.843,768.4,P,1.795,2018.5,P,0.421,1088.900,P,1.157,3405.5,P,0.42608112866919
248704_at,At5g48450,0.682,31.1,P,1.552,54.6,P,0.661,16.1,A,1.803,54.2,P,0.619,42.8,A,1.318,103.7,P,0.425231726527768
246745_at,At5g27770,0.649,406.1,P,1.426,688.3,P,0.718,239.9,P,1.736,715.6,P,0.519,492.8,P,1.282,1383.400,P,0.424516626026692
263902_at,At2g36230,0.661,34.4,P,1.339,53.7,P,0.645,17.9,P,1.681,57.6,P,0.564,44.5,P,1.432,128.5,P,0.423735635385808
246088_at,At5g20600,0.527,38.8,P,1.311,74.4,P,0.689,27.1,P,1.455,70.6,P,0.648,72.4,P,1.66,210.7,P,0.421961394533445
252625_at,At3g44750,0.592,149.9,P,1.251,244.3,P,0.749,101.3,P,1.743,290.9,P,0.456,175,P,1.303,568.9,P,0.4176339751261
266980_at,At2g39390,0.515,136,P,1.387,282.2,P,0.681,95.9,P,1.504,261.6,P,0.563,225.3,P,1.319,600.5,P,0.416978680660983
251737_at,At3g56340,0.618,908.5,P,1.514,1715.900,P,0.928,727.9,P,2.237,2166.2,P,0.458,1021.900,P,1.072,2716.7,P,0.416756778620149
264203_at,At1g22780,0.615,768.2,P,1.435,1382.400,P,0.838,558.7,P,1.869,1538.5,P,0.433,820.8,P,1.162,2504.300,P,0.416524310188856
265960_at,At2g37470,0.633,43.8,P,1.32,70.4,P,0.68,25.1,P,1.528,69.6,P,0.48,50.4,P,1.491,177.8,P,0.41550107403105
260343_at,At1g69200,0.529,97.5,P,1.236,175.7,P,0.764,75.2,P,1.725,209.5,P,0.482,134.9,P,1.29,410,P,0.41484516302848
251443_at,At3g59940,0.781,212.7,P,1.944,408.5,P,0.518,75.3,P,1.219,218.9,P,0.648,268,P,1.57,737.5,P,0.413142099618582
252950_at,At4g38690,0.706,83,P,1.8,163.2,P,0.602,37.8,P,1.294,100.2,P,0.565,100.7,P,1.481,300.2,P,0.412981773558632
261084_at,At1g07440,0.581,231.6,P,1.351,415.4,P,0.649,138.3,P,1.476,387.9,P,0.532,321.6,P,1.447,995.5,P,0.412470310776253
256262_at,At3g12150,0.579,27,P,1.876,67.5,P,0.646,16.1,P,1.354,41.6,P,0.608,43,P,1.361,109.5,P,0.410823538078896
263593_at,At2g01860,0.458,31.8,P,1.327,71,P,0.777,28.8,P,1.656,75.7,P,0.508,53.5,P,1.223,146.3,P,0.409904782245273
251241_s_at,At3g62460,0.517,383.6,P,1.424,813.9,P,0.65,257.1,P,1.35,659.7,P,0.532,598.8,P,1.393,1780.6,P,0.408817608990995
256458_at,At1g75220,0.627,250.7,P,1.645,507,P,0.702,149.8,P,1.418,373.4,P,0.454,275,P,1.298,894.4,P,0.408662453355257
248655_at,At5g48760,0.57,101.3,P,1.314,180.1,P,0.805,76.4,P,1.798,210.6,P,0.411,110.8,P,1.195,366.3,P,0.408480899091343
249008_at,At5g44680,0.574,133.2,P,1.778,318.1,P,0.743,92,P,1.504,230,P,0.511,179.9,P,1.257,503.1,P,0.407791357230691
256144_at,At1g48630,0.549,394.6,P,1.234,684.2,P,0.766,293.8,P,1.629,771.5,P,0.473,515.2,P,1.535,1902.2,P,0.407755035741946
246926_at,At5g25240,0.664,53,P,1.349,83,P,0.343,14.6,P,1.336,70.2,P,0.652,78.9,P,1.376,189.3,P,0.407596730960993
260044_at,At1g73655,0.633,293.7,P,1.429,510.8,P,0.633,156.6,P,1.367,417.5,P,0.519,364.7,P,1.639,1310.400,P,0.407560466171443
264741_at,At1g62290,0.422,68.3,P,1.302,162.4,P,0.55,47.5,P,1.348,143.7,P,0.698,171.4,P,1.426,397.9,P,0.407203226275479
258067_at,At3g25980,0.501,28.3,A,1.258,54.8,P,0.763,23,P,1.717,63.9,P,0.466,39.9,P,1.237,120.5,P,0.406449596754687
261782_at,At1g76110,0.602,70,P,1.49,133.6,P,0.779,48.4,P,1.715,131.4,P,0.439,77.4,P,1.221,244.8,P,0.405931870142252
250777_at,At5g05440,0.762,315.6,P,2.032,648.9,P,0.571,126.3,P,1.238,337.7,P,0.608,381.6,P,1.597,1140.300,P,0.405647208399972
249121_at,At5g43830,0.729,711.7,P,1.643,1237.2,P,0.645,336.6,P,1.662,1069.300,P,0.488,722.5,P,1.271,2141.4,P,0.405245612108601
249945_at,At5g22440,0.547,259.6,P,1.459,534.3,P,0.863,218.9,P,1.763,551.8,P,0.394,283.8,P,1.137,931.1,P,0.403648931107599
267209_at,At2g30930,0.669,219,P,2.308,583,P,0.659,115.3,P,1.331,287.4,P,0.603,299.9,P,1.439,812.7,P,0.401339602102941
250371_at,At5g11450,0.489,210.4,P,1.34,445.1,P,0.721,165.8,P,1.455,412.7,P,0.438,285.8,P,1.279,949.6,P,0.400971020728261
264521_at,At1g10020,0.614,61.7,P,1.57,121.7,P,0.656,35.2,P,1.344,89,P,0.488,74.4,M,1.512,262,P,0.400643121131444
262086_at,At1g56050,0.642,136.3,P,1.482,242.8,P,0.691,78.4,P,1.713,239.7,P,0.474,152.8,P,1.309,479.3,P,0.399564244353409
265478_at,At2g15890,0.753,771.1,P,1.703,1344.7,P,0.445,243.4,P,1.249,842.5,P,0.496,770,P,1.247,2201.100,P,0.39873351054385
246211_at,At4g36730,0.583,104.7,P,1.62,224.6,P,0.626,60.1,P,1.519,179.9,P,0.579,157.9,P,1.374,425.8,P,0.39779571850409
256753_at,At3g27160,0.539,441.1,P,1.301,821.6,P,0.699,305.5,P,1.489,803.4,P,0.422,523.9,P,1.371,1936,P,0.397181265336224
257800_at,At3g15900,0.659,125,P,1.803,263.6,P,0.78,78.9,P,1.897,236.9,P,0.5,143.7,P,1.22,399,P,0.395504515703233
263498_at,At2g42610,0.654,78.4,P,1.517,140.2,P,0.742,47.5,P,1.611,127.2,P,0.365,66.4,P,1.258,260,P,0.393946871215773
264037_at,At2g03750,0.746,300.9,P,2,622.5,P,0.778,167.7,P,1.92,510.6,P,0.491,300.3,P,1.222,850.3,P,0.393336220221858
250079_at,At5g16650,0.693,160.6,P,2.052,366.6,P,0.825,102,P,1.683,256.9,P,0.413,145,P,1.175,469.4,P,0.393134912793038
259112_at,At3g05560,0.531,621.7,P,1.364,1232.300,P,0.727,454.7,P,1.597,1232.7,P,0.424,753.5,P,1.273,2572.5,P,0.392532075301007
247540_at,At5g61590,0.88,474.9,P,1.964,817.7,P,0.392,113.1,P,1.292,459.7,P,0.476,389.9,P,1.12,1043.400,P,0.392156915290502
248432_at,At5g51390,0.588,13.4,A,1.66,29.2,P,0.493,6,P,1.318,19.8,P,0.682,23.6,A,1.528,60.1,P,0.391534513109043
263372_at,At2g20450,0.471,171.6,P,1.249,350.5,P,0.751,146,P,1.586,380.4,P,0.489,270.1,P,1.522,955.2,P,0.390635915192205
258922_at,At3g10610,0.569,194.1,P,1.428,375.4,P,0.759,138.1,P,1.727,387.9,P,0.411,212.3,P,1.241,729.7,P,0.389711452739779
254011_at,At4g26370,0.536,97.1,P,1.256,175.3,P,0.744,71.9,P,1.761,210,P,0.421,115.5,P,1.32,412.1,P,0.389392736488245
250217_at,At5g14120,0.776,922.7,P,2.116,1939.6,P,0.589,373.9,P,1.224,958.6,P,0.477,859.3,P,1.516,3107.2,P,0.387527542812678
266959_at,At2g07690,0.377,9.6,A,1.17,23,P,0.83,11.3,A,2.078,34.9,P,0.763,29.5,P,1.744,76.7,P,0.386381581292553
247385_at,At5g63420,0.614,38.3,P,1.351,65,P,0.57,19,P,1.557,64,P,0.649,61.4,P,1.933,207.9,P,0.385438112995694
254564_at,At4g19170,0.667,64,P,1.544,114.3,P,0.507,26,A,1.494,94.5,P,0.51,74.2,A,1.333,220.7,P,0.384649299094651
264854_at,At2g17450,0.719,142.9,A,1.74,266.7,P,0.578,61.3,A,1.281,167.7,P,0.383,115.4,A,1.341,459.7,P,0.383345379468203
265724_at,At2g32100,0.883,96.8,P,2.149,181.6,P,0.532,31.1,P,1.79,129.2,P,0.49,81.4,P,1.117,211,P,0.382256837257871
257365_x_at,At2g26020,0.542,84.4,P,1.173,140.9,P,0.827,68.8,P,1.786,183.3,P,0.402,95,P,1.852,497.5,P,0.380723877915728
246730_at,At5g28060,0.56,397.4,P,1.485,813.2,P,0.723,274.3,P,1.642,768.3,P,0.412,443.6,P,1.277,1563.400,P,0.380017410289557
254831_at,At4g12600,0.487,279.1,P,1.429,631.5,P,0.706,215.9,P,1.474,556.4,P,0.413,358.9,P,1.294,1278.7,P,0.379643977248072
245121_at,At2g47610,0.493,485.2,P,1.396,1058.800,P,0.681,357.8,P,1.488,964.3,P,0.428,638.8,P,1.319,2236.4,P,0.378433800486667
253255_at,At4g34760,0.81,117.7,P,2.514,281.6,P,0.712,55.2,P,1.883,180.2,P,0.515,113.4,P,1.19,298,P,0.377696278181225
258454_at,At3g22300,0.501,60,P,1.326,122.6,P,0.842,53.9,P,2.053,162.1,P,0.397,72.1,P,1.158,239.3,P,0.376930679643475
245937_at,At5g19750,0.585,168.6,P,1.586,352.7,P,0.72,110.9,P,1.569,298,P,0.375,164.2,P,1.28,636.2,P,0.373570740800238
260155_at,At1g52870,0.553,410.9,P,1.632,934.6,P,0.621,246.1,P,1.379,674.9,P,0.552,621.3,P,1.69,2164.800,P,0.371933860524456
258939_at,At3g10020,0.577,78.8,P,1.654,174.2,P,0.565,41.2,P,1.423,128,P,0.53,109.7,P,1.441,339.3,P,0.37123329918312
253421_at,At4g32340,0.454,151.5,P,1.32,339.7,P,0.568,101.1,P,1.368,300.6,P,0.68,343.9,P,1.967,1131.6,P,0.368282730082693
260287_at,At1g80440,0.789,208.2,P,1.895,385.7,P,0.339,47.8,P,1.211,210.6,P,0.557,222.8,P,1.375,625.9,P,0.367127895678172
267237_s_at,At2g44040,0.624,77.6,P,1.764,169.3,P,0.694,46.1,P,1.755,143.9,P,0.458,86.5,P,1.306,280.3,P,0.366624073048634
246303_at,At3g51870,0.423,109.2,P,1.275,253.5,P,0.725,99.9,P,1.471,249.9,P,0.415,162.5,P,1.516,674.3,P,0.3661244687899
257856_at,At3g12930,0.559,159.2,P,1.385,304.3,P,0.673,102.3,P,1.61,302.1,P,0.365,157.7,P,1.327,651.9,P,0.365559683042065
255331_at,At4g04330,0.595,149,P,1.434,276.8,P,0.59,78.8,P,1.619,266.9,P,0.444,168.4,P,1.405,606.1,P,0.365120003127327
265175_at,At1g23480,0.631,68.2,P,1.369,114,P,0.61,35.2,P,1.623,115.5,P,0.378,61.9,P,1.477,275.1,P,0.364230582335004
251083_at,At5g01590,0.411,38.1,P,1.324,94.6,P,0.584,28.9,P,1.434,87.6,P,0.676,95.1,P,1.831,292.6,P,0.362290853824055
262830_at,At1g14700,0.375,39.6,P,1.421,115.8,P,0.532,30,P,1.359,94.6,P,0.641,102.8,P,1.49,271.5,P,0.361854772396478
259789_at,At1g29395,0.653,76,P,1.347,120.8,P,0.335,20.8,A,1.995,152.9,P,0.613,108.1,P,1.426,286.1,P,0.360858189031012
245362_at,At4g17460,0.479,59.6,P,1.289,123.6,P,0.711,47.2,P,1.748,143.2,P,0.408,77,P,1.347,288.9,P,0.360417263688564
246070_at,At5g20160,0.503,273.2,P,1.355,568.1,P,0.645,187.1,P,1.454,520.9,P,0.425,350.7,P,1.647,1543.6,P,0.357622164599164
258630_at,At3g02820,0.493,19.4,A,1.48,44.9,P,0.681,14.3,P,1.867,48.4,P,0.493,29.4,A,1.319,89.5,P,0.357210802564108
265032_at,At1g61580,0.532,39.6,P,1.623,93.2,P,0.838,33.3,P,1.844,90.5,P,0.328,37.1,A,1.162,149.3,P,0.354835615471062
266620_at,At2g35450,0.636,57.7,P,1.436,100.5,P,0.367,17.8,A,1.487,88.9,P,0.51,70.2,A,1.364,213.4,P,0.354534292715304
257964_at,At3g19850,0.631,65.6,P,2.814,225.7,P,0.666,37,P,1.334,91.4,P,0.453,71.4,P,1.335,239.5,P,0.354270726850385
249836_at,At5g23420,0.641,13.3,A,1.624,26,P,0.74,8.2,P,2.157,29.5,P,0.407,12.8,A,1.26,45.1,P,0.353596461311919
262399_at,At1g49500,0.473,284.1,P,1.906,883.6,P,0.677,217.4,P,1.408,557.7,P,0.427,389.5,P,1.323,1371.6,P,0.350579626662282
248460_at,At5g50915,0.632,55.1,P,1.289,86.6,P,0.711,33.1,P,2.395,137.5,P,0.447,59.1,P,1.693,254.4,P,0.350399796051193
266278_at,At2g29300,0.518,20.6,P,1.397,42.8,P,0.603,12.8,P,1.646,43.1,P,0.438,26.4,P,1.437,98.5,P,0.347312959587587
252563_at,At3g45970,0.521,156.9,P,1.33,308.7,P,0.665,106.8,P,2.593,514.3,P,0.67,305.9,P,1.734,899.8,P,0.344859624185356
248419_at,At5g51550,0.609,340,P,1.614,694.6,P,0.564,167.9,P,1.649,606.3,P,0.437,370.1,P,1.391,1338,P,0.344503787699045
255617_at,At4g01330,0.642,98.1,P,1.936,228,P,0.677,55.2,P,1.753,176.4,P,0.417,96.5,P,1.323,348.5,P,0.344333136045488
257860_at,At3g13062,0.73,135.5,P,2.324,332.8,P,0.516,51.2,P,1.27,155.4,P,0.56,157.7,P,1.849,592.2,P,0.341093074707514
256631_at,At3g28320,0.652,49.2,P,1.929,112.3,P,0.588,23.7,A,1.472,73.2,P,0.375,42.9,A,1.348,175.5,P,0.338548465303908
247443_at,At5g62720,0.555,260,P,1.664,600.9,P,0.526,131.5,P,1.445,445.8,P,0.529,375.9,P,1.664,1343.6,P,0.338485382840919
254430_at,At4g20820,0.599,16,P,1.272,26.2,P,0.519,7.4,M,2.386,42,P,0.728,29.5,P,2.23,102.7,P,0.338296069601813
250753_at,At5g05860,0.436,27.6,P,1.687,82.3,P,0.497,16.8,M,1.526,63.6,P,0.601,57.7,P,1.399,152.6,P,0.337909195585593
247524_at,At5g61440,0.52,60.6,P,1.301,116.9,P,0.699,43.5,P,1.689,129.7,P,0.329,58.2,P,1.71,343.6,P,0.335314852234291
266656_at,At2g25900,0.798,161.7,P,2.926,457.3,P,0.642,69.5,P,1.605,214.4,P,0.397,122.1,P,1.202,420.2,P,0.33433671154137
266313_at,At2g26980,0.636,93.9,P,1.863,212.3,P,0.544,42.9,P,1.793,174.6,P,0.488,109.4,P,1.364,347.7,P,0.334186081158033
260506_at,At1g47210,0.569,47.3,P,1.892,121.2,P,0.494,21.9,P,1.461,80,P,0.517,65.2,P,1.431,205,P,0.333383448014506
260869_at,At1g43800,0.493,42,P,1.769,116.1,P,0.638,29,P,1.585,88.9,M,0.423,54.6,P,1.362,199.9,P,0.330594957040276
254665_at,At4g18340,0.667,21.7,P,2.936,73.7,P,0.616,10.7,A,1.333,28.6,P,0.494,24.4,P,1.776,99.7,P,0.322482839515878
249726_at,At5g35480,0.272,8.4,P,1.413,33.7,P,0.587,9.7,P,1.506,30.7,P,0.55,25.8,P,1.432,76.4,P,0.322116893131025
251665_at,At3g57040,0.456,44.5,P,2.167,162.9,P,0.646,33.6,P,1.354,87,P,0.5,73.9,P,1.813,304.8,P,0.321106676420558
258920_at,At3g10520,0.567,134.5,P,1.538,281.5,P,0.462,58.5,P,1.609,251.7,P,0.439,158.2,P,1.433,586.7,P,0.320715259527534
266072_at,At2g18700,0.657,155.3,P,2.511,457.8,P,0.479,60.5,P,1.343,209.2,P,0.579,207.8,P,1.712,697.9,P,0.31883795492012
251642_at,At3g57520,0.567,498.7,P,2.18,1477.900,P,0.561,263.3,P,1.433,830,P,0.485,646.2,P,1.643,2491.800,P,0.31558995258747
262238_at,At1g48300,0.467,332.8,P,1.505,826.9,P,0.514,195.6,P,1.486,697.7,P,0.44,476.1,P,1.531,1881,P,0.314529294577587
249685_at,At5g36120,0.532,57.8,P,2.177,182.4,P,0.638,37,P,1.59,113.8,P,0.4,65.9,P,1.362,255.2,P,0.31310553607658
252036_at,At3g52070,0.491,54.9,P,2.084,179.7,P,0.489,29.2,P,1.445,106.4,P,0.555,94.2,P,1.538,296.6,P,0.311623722833808
261054_at,At1g01330,0.479,37.9,P,1.578,96.3,P,0.582,24.6,P,1.418,73.9,P,0.498,59.8,P,2.312,315.5,P,0.309794651787561
264379_at,At2g25200,0.607,40.7,P,1.674,86.6,P,0.341,12.2,P,1.393,61.6,P,0.537,54.7,P,1.716,198.6,P,0.306779002853461
248606_at,At5g49450,0.577,94.4,P,2.201,277.8,P,0.651,56.9,P,1.349,145.5,P,0.325,80.6,P,1.866,526.9,P,0.306300867137996
254553_at,At4g19530,0.651,96.8,P,2.576,295.6,P,0.587,46.6,P,1.763,172.9,P,0.437,98.6,P,1.349,346.3,P,0.303205414431065
267262_at,At2g22990,0.541,201.6,P,1.881,540.3,P,0.565,112.4,P,1.435,352,P,0.446,251.8,P,2.027,1301.900,P,0.300456931738229
248566_s_at,At5g49730,0.493,264.3,P,2.226,920.9,P,0.575,164.7,P,1.425,503.8,P,0.45,366,P,1.693,1566.5,P,0.296927540462899
263133_at,At1g78450,0.342,20.6,P,2.071,96.1,P,0.616,19.8,P,1.362,54,P,0.638,58.2,P,2.353,244.1,P,0.296185633569743
259303_at,At3g05130,0.558,6.3,P,1.217,10.6,P,0.315,1.9,A,3.024,22.5,A,0.414,7.1,A,1.289,25.1,P,0.294616798221784
257504_at,At1g52250,0.502,10.9,A,1.761,29.5,P,0.267,3.1,A,1.363,19.5,P,0.637,21,A,1.607,60.2,P,0.292449170030419
256772_at,At3g13750,0.515,274.7,P,2.471,1016.400,P,0.55,156.6,P,1.45,509.5,P,0.527,426.6,P,1.942,1785.800,P,0.286365903814001
250649_at,At5g06690,0.563,66.9,P,2.485,227.6,P,0.502,31.8,P,1.437,112.4,P,0.499,89.9,P,1.826,373.9,P,0.283057724825726
245637_at,At1g25230,0.451,72.1,P,2.247,277.2,P,0.533,45.5,P,1.463,154.2,P,0.537,130.3,P,1.909,526.6,P,0.282110353547409
246028_at,At5g21170,0.554,143,P,3.551,707.3,P,0.643,88.7,P,1.357,230.9,P,0.394,154.3,P,1.846,822.2,P,0.281095398419189
245925_at,At5g28770,0.59,74.5,P,2.909,283.4,P,0.578,39,P,1.41,117.4,P,0.332,63.6,P,1.527,332.7,P,0.276722564481355
267524_at,At2g30600,0.447,76.1,P,2.134,280.2,P,0.632,57.4,P,1.368,153.5,P,0.29,74.8,P,1.905,559.2,P,0.274561689054065
250107_at,At5g15330,0.592,20.3,A,2.266,59.9,P,0.333,6.1,A,1.408,31.8,M,0.59,30.7,A,1.815,107.3,P,0.274275954046199
256874_at,At3g26320,0.403,7.2,A,1.319,18.2,P,0.681,6.5,A,1.756,20.7,P,0.317,8.6,A,2.593,80,P,0.271866641727985
247754_at,At5g59080,0.688,49.5,P,2.752,152.7,P,0.37,14.2,P,1.401,66.4,P,0.393,42.9,P,1.312,162.8,P,0.271213252148581
252367_at,At3g48360,0.65,457.4,P,1.703,924,P,0.414,155.5,P,1.835,850.5,P,0.268,285.7,P,1.35,1637.6,P,0.268603662283523
264342_at,At1g12080,0.357,29.2,P,1.458,92,P,0.547,23.9,P,1.453,78.3,P,0.302,37.5,P,1.663,234.6,P,0.267639325805657
267265_at,At2g22980,0.476,36.4,P,2.177,128.4,P,0.492,20.1,P,1.508,76,P,0.455,52.8,P,1.965,259.2,P,0.258820542494787
256602_at,At3g28310,0.651,22.9,A,1.496,40.6,P,0.261,4.9,A,1.349,31.3,P,0.251,13.4,A,1.786,108.4,P,0.256391530391717
251704_at,At3g56360,0.481,143.1,P,1.457,334.2,P,0.543,86.3,P,2.747,538.5,P,0.522,235.4,P,2.283,1171.2,P,0.252149036112852
249052_at,At5g44420,0.26,21.1,P,1.386,86.8,P,0.623,27,P,1.377,73.7,P,0.451,55.5,P,3.924,549.6,P,0.251652251217521
263126_at,At1g78460,0.176,11.6,P,2.383,121.2,P,0.608,21.4,P,1.392,60.5,P,0.478,47.8,P,2.012,228.8,P,0.249404215101185
246114_at,At5g20250,0.481,666.9,P,1.991,2127.5,P,0.488,360.6,P,1.512,1380.5,P,0.303,636.9,P,1.719,4107.3,P,0.24686791179902
267461_at,At2g33830,0.655,310.5,P,3.3,1207,P,0.398,100.8,P,1.345,420.5,P,0.474,341,P,2.015,1648,P,0.243210453721306
253061_at,At4g37610,0.419,306.3,P,1.509,850.7,P,0.506,197.5,P,1.663,801.3,P,0.212,234.8,P,1.494,1883.6,P,0.241279219700904
249932_at,At5g22390,0.395,35.6,P,2.017,140.2,P,0.617,29.7,P,1.383,82.1,P,0.198,27,P,2.513,390.5,P,0.240252429190819
262986_at,At1g23390,0.588,226.5,P,2.626,780.1,P,0.372,76.5,P,1.412,358.3,P,0.377,220,P,1.787,1186.800,P,0.232779630926549
248622_at,At5g49360,0.506,442.8,P,2.951,1992.300,P,0.476,222.5,P,1.494,862,P,0.481,639.4,P,2.325,3510.5,P,0.232318928013869
247814_at,At5g58310,0.391,63.3,P,1.643,205.2,P,0.461,39.9,P,1.822,194.5,P,0.295,72.6,P,1.539,429.8,P,0.227560292646914
264238_at,At1g54740,0.424,87.2,P,2.585,410.4,P,0.507,55.7,P,1.493,202.5,P,0.309,96.4,P,1.894,672.3,P,0.222251572956292
247780_at,At5g58770,0.369,44.9,P,1.44,135.3,P,0.56,36.4,P,2.335,187.4,P,0.261,48.3,P,1.707,358.6,P,0.216326172681075
267460_at,At2g33810,0.633,16.1,A,2.172,42.6,P,0.214,2.9,A,1.367,22.9,P,0.41,15.8,A,2.141,93.9,P,0.213160982364986
249862_at,At5g22920,0.499,420.6,P,2.822,1833.2,P,0.647,291.1,P,2.092,1161,P,0.206,262.9,P,1.353,1964.7,P,0.212784206407858
258402_at,At3g15450,0.505,589.8,P,2.789,2510.300,P,0.557,347,P,1.831,1407.900,P,0.198,350.3,P,1.443,2905.2,P,0.207495990936005
253874_at,At4g27450,0.428,195.4,P,3.157,1112.2,P,0.449,109.5,P,1.551,466.9,P,0.304,211,P,1.577,1242.1,P,0.205944493619324
265116_at,At1g62480,0.27,144.4,P,1.877,773.3,P,0.477,136,P,1.523,536.2,P,0.268,217.5,P,1.67,1538.900,P,0.205841080608615
247954_at,At5g56870,0.614,212.5,P,4.481,1195.800,P,0.404,74.7,P,1.386,316,P,0.568,298.3,P,4.105,2449.800,P,0.1889590405065
265342_at,At2g18300,0.211,16.9,A,2.002,123.8,P,0.435,18.6,P,1.565,82.7,P,0.323,39.3,A,2.026,280.1,P,0.180925773399336
261567_at,At1g33055,0.262,15.7,P,1.822,84.1,P,0.219,7,A,1.549,61.1,P,0.451,40.9,A,2.064,213,P,0.167895770854139
259822_at,At1g66230,0.416,9,A,2.919,48.7,P,0.156,1.8,A,1.81,25.8,P,0.408,13.4,A,1.584,59.1,P,0.162092720886791
262212_at,At1g74890,0.352,6.2,A,2.288,31.1,P,0.202,1.9,A,2.661,30.9,P,0.108,2.9,A,1.648,50.1,P,0.098430481988565
259842_at,At1g73600,0.183,26.6,P,1.617,181.6,P,0.383,29.8,P,4.448,426.9,P,0.164,36.2,P,2.389,600,P,0.08930887557125
261684_at,At1g47400,0.112,6.1,A,1.652,69.3,P,0.348,10.1,A,6.17,221.1,P,0.229,18.9,A,2.656,249.1,P,0.070139478194072
